"","aircraft","dep_time","est_arr_time","flight_no","origin"
"51","A321","Sun 11:22AM","Sun 07:10PM"," AAL1878","Los Angeles Intl (KLAX)"
"111","A321","Sun 09:52AM","Sun 05:32PM"," AAL1473","Los Angeles Intl (KLAX)"
"158","A321","Sun 08:28AM","Sun 04:05PM"," AAL1522","Los Angeles Intl (KLAX)"
"192","A321","Sun 07:27AM","Sun 03:19PM"," AAL343","San Francisco Intl (KSFO)"
"247","A321","Sun 06:14AM","Sun 01:48PM"," AAL1454","Los Angeles Intl (KLAX)"
"425","A321","Sun 12:19AM","Sun 07:51AM"," AAL340","Los Angeles Intl (KLAX)"
"434","A321","Sat 11:17PM","Sun 06:56AM"," AAL2688","San Francisco Intl (KSFO)"
"438","A321","Sat 11:14PM","Sun 06:22AM"," AAL2341","McCarran Intl (KLAS)"
"444","B738","Sat 11:22PM","Sun 06:53AM"," AAL1314","Los Angeles Intl (KLAX)"
"449","A321","Sat 10:27PM","Sun 06:17AM"," AAL2548","San Francisco Intl (KSFO)"
"457","A321","Sat 08:38PM","Sun 04:35AM"," AAL1471","Seattle-Tacoma Intl (KSEA)"
"465","A321","Sat 09:27PM","Sun 04:52AM"," AAL1209","San Diego Intl (KSAN)"
"492","B738","Sat 09:09PM","04:50AM(+1) "," AAL2237","Los Angeles Intl (KLAX)"
"537","A321","Sat 01:15PM","Sat 08:54PM"," AAL1878","Los Angeles Intl (KLAX)"
"538","B752","Sat 01:05PM","Sat 08:52PM"," AAL383","San Francisco Intl (KSFO)"
"560","A321","Sat 12:24PM","Sat 07:56PM"," AAL1268","Los Angeles Intl (KLAX)"
"574","B763","Sat 12:32PM","Sat 07:47PM"," AAL1368","McCarran Intl (KLAS)"
"584","A321","Sat 12:08PM","Sat 07:45PM"," AAL1473","Los Angeles Intl (KLAX)"
"673","A321","Sat 09:18AM","Sat 04:55PM"," AAL1522","Los Angeles Intl (KLAX)"
"684","A321","Sat 08:54AM","Sat 04:51PM"," AAL343","San Francisco Intl (KSFO)"
"762","B763","Sat 07:34AM","Sat 03:00PM"," AAL1368","McCarran Intl (KLAS)"
"778","A321","Sat 06:14AM","Sat 01:45PM"," AAL1454","Los Angeles Intl (KLAX)"
"947","A321","Sat 12:22AM","Sat 07:57AM"," AAL340","Los Angeles Intl (KLAX)"
"959","B738","Fri 11:30PM","Sat 06:53AM"," AAL1314","Los Angeles Intl (KLAX)"
"968","A321","Fri 11:55PM","Sat 06:56AM"," AAL2341","McCarran Intl (KLAS)"
"977","A321","Fri 10:16PM","Sat 05:59AM"," AAL2548","San Francisco Intl (KSFO)"
"980","B738","Fri 11:05PM","Sat 06:47AM"," AAL2688","San Francisco Intl (KSFO)"
"992","A321","Fri 08:36PM","Sat 04:47AM"," AAL1471","Seattle-Tacoma Intl (KSEA)"
"994","B738","Fri 09:09PM","Sat 04:28AM"," AAL2237","Los Angeles Intl (KLAX)"
"1002","A321","Fri 09:28PM","Sat 04:39AM"," AAL1209","San Diego Intl (KSAN)"
"55","B738","Sun 01:02PM","Sun 06:55PM"," GLO7732","Pinto Martins Int'l (FOR / SBFZ)"
"98","B763","Sun 10:28AM","Sun 05:42PM"," AAL224","Ingeniero Ambrosio L.V. Taravella Int'l (COR / SACO)"
"152","A332","Sun 08:39AM","Sun 04:26PM"," ARG1304","Ministro Pistarini Int'l (EZE / SAEZ)"
"184","B763","Sun 08:27AM","Sun 03:14PM"," TAM8196","Deputado Luis Eduardo Magalhaes Int'l (Dois de Julho) (SSA / SBSV)"
"257","B752","Sun 07:02AM","Sun 01:09PM"," AAL214","Presidente Juscelino Kubitschek Int'l (BSB / SBBR)"
"328","B763","Sun 04:47AM","Sun 10:37AM"," TAM8188","Pinto Martins Int'l (FOR / SBFZ)"
"429","A332","Sat 11:38PM","Sun 07:20AM"," ARG1302","Ministro Pistarini Int'l (EZE / SAEZ)"
"439","B772","Sat 11:31PM","Sun 06:18AM"," AAL906","Sí£o Paulo-Guarulhos Int'l (GRU / SBGR)"
"441","B773","Sat 11:21PM","Sun 05:56AM"," TAM8190","Sí£o Paulo-Guarulhos Int'l (GRU / SBGR)"
"446","B772","Sat 11:00PM","Sun 06:32AM"," AAL908","Ministro Pistarini Int'l (EZE / SAEZ)"
"450","B763","Sat 11:53PM","Sun 06:09AM"," TAM8198","Guararapes Int'l (Gilberto Freyre Int'l) (REC / SBRF)"
"452","B763","Sun 05:59AM","Sun 05:38AM"," DSM7820","Ministro Pistarini Int'l (EZE / SAEZ)"
"458","B772","Sat 09:00PM","Sun 04:17AM"," AAL900","Ministro Pistarini Int'l (EZE / SAEZ)"
"460","B77W","Sat 09:24PM","Sun 04:04AM"," AAL930","Sí£o Paulo-Guarulhos Int'l (GRU / SBGR)"
"461","B763","Sat 07:37PM","Sun 03:48AM"," AAL984","Carrasco Int'l (MVD / SUMU)"
"470","B772","Sat 08:54PM","Sun 03:57AM"," AAL904","Rio de Janeiro/Galeao Intl (GIG / SBGL)"
"583","A320","Sat 02:58PM","Sat 07:48PM"," TAM8192","Val de Caes Int'l (BEL / SBBE)"
"650","A332","Sat 09:53AM","Sat 05:39PM"," ARG1304","Ministro Pistarini Int'l (EZE / SAEZ)"
"659","B773","Sat 10:36AM","Sat 05:09PM"," TAM8194","Sí£o Paulo-Guarulhos Int'l (GRU / SBGR)"
"957","A332","Fri 11:16PM","Sat 07:01AM"," ARG1302","Ministro Pistarini Int'l (EZE / SAEZ)"
"975","B773","Fri 11:38PM","Sat 06:08AM"," TAM8190","Sí£o Paulo-Guarulhos Int'l (GRU / SBGR)"
"979","B763","Sat 06:04AM","Sat 05:44AM"," DSM7820","Ministro Pistarini Int'l (EZE / SAEZ)"
"983","B772","Fri 11:31PM","Sat 06:21AM"," AAL906","Sí£o Paulo-Guarulhos Int'l (GRU / SBGR)"
"985","B772","Fri 10:44PM","Sat 06:05AM"," AAL908","Ministro Pistarini Int'l (EZE / SAEZ)"
"995","B77W","Fri 09:18PM","Sat 04:12AM"," AAL930","Sí£o Paulo-Guarulhos Int'l (GRU / SBGR)"
"997","B772","Fri 08:47PM","Sat 03:55AM"," AAL904","Rio de Janeiro/Galeao Intl (GIG / SBGL)"
"1000","B763","Sat 01:52AM","Sat 05:16AM"," AJT850","Johan Adolf Pengel Int'l (Zanderij Int'l) (PBM / SMJP)"
"1003","B772","Fri 09:01PM","Sat 04:32AM"," AAL900","Ministro Pistarini Int'l (EZE / SAEZ)"
"1006","B763","Fri 07:46PM","Sat 03:58AM"," AAL984","Carrasco Int'l (MVD / SUMU)"
"8","A319","Sun 03:25PM","Sun 07:23PM"," AAL1128","Jose Maria Cordova Int'l (MDE / SKRG)"
"15","A319","Sun 03:24PM","Sun 07:31PM"," AAL1134","Matecana Int'l (PEI / SKPE)"
"27","A319","Sun 03:25PM","Sun 07:23PM"," AAL1128","Jose Maria Cordova Int'l (MDE / SKRG)"
"34","A319","Sun 03:24PM","Sun 07:31PM"," AAL1134","Matecana Int'l (PEI / SKPE)"
"43","B763","Sun 12:48PM","Sun 07:03PM"," LPE2462","Jorge Chavez Int'l (LIM / SPJC)"
"46","A319","Sun 02:34PM","Sun 06:52PM"," AAL916","El Dorado Int'l (BOG / SKBO)"
"60","A320","Sun 03:14PM","Sun 06:42PM"," AVA34","Rafael Nunez Int'l (CTG / SKCG)"
"83","A319","Sun 02:40PM","Sun 06:04PM"," AAL1144","Rafael Nunez Int'l (CTG / SKCG)"
"85","A332","Sun 01:48PM","Sun 05:58PM"," TPA4010","El Dorado Int'l (BOG / SKBO)"
"113","A319","Sun 01:06PM","Sun 05:28PM"," AVA4","El Dorado Int'l (BOG / SKBO)"
"124","A330","Sun 10:36AM","Sun 04:49PM"," TPU962","Jorge Chavez Int'l (LIM / SPJC)"
"136","A319","Sun 01:16PM","Sun 04:43PM"," AAL1124","Ernesto Cortissoz Int'l (BAQ / SKBQ)"
"162","B77L","Sun 11:15AM","Sun 03:49PM"," QTR8152","Mariscal Sucre Int'l (UIO / SEQM)"
"166","A320","Sun 11:20AM","Sun 03:34PM"," AVA38","Alfonso Bonilla Aragon Int'l (CLO / SKCL)"
"207","A320","Sun 11:04AM","Sun 03:01PM"," VVC300","Jose Maria Cordova Int'l (MDE / SKRG)"
"208","B748","Sun 11:00AM","Sun 02:56PM"," GTI80","El Dorado Int'l (BOG / SKBO)"
"232","B752","Sun 07:44AM","Sun 02:05PM"," AAL1558","Jorge Chavez Int'l (LIM / SPJC)"
"238","A320","Sun 09:55AM","Sun 01:47PM"," AVA30","Jose Maria Cordova Int'l (MDE / SKRG)"
"260","B738","Sun 08:32AM","Sun 12:46PM"," AAL920","Alfonso Bonilla Aragon Int'l (CLO / SKCL)"
"306","A320","Sun 07:21AM","Sun 10:43AM"," AVA2","Ernesto Cortissoz Int'l (BAQ / SKBQ)"
"308","A332","Sun 07:03AM","Sun 11:10AM"," AVA6","El Dorado Int'l (BOG / SKBO)"
"327","A320","Sun 07:21AM","Sun 10:43AM"," AVA2","Ernesto Cortissoz Int'l (BAQ / SKBQ)"
"337","A319","Sun 06:17AM","Sun 10:13AM"," AAL924","Jose Maria Cordova Int'l (MDE / SKRG)"
"338","B752","Sun 05:18AM","Sun 10:06AM"," AAL932","Mariscal Sucre Int'l (UIO / SEQM)"
"344","A319","Sun 06:13AM","Sun 10:21AM"," AAL1130","El Dorado Int'l (BOG / SKBO)"
"377","B77L","Sun 04:34AM","Sun 09:11AM"," ETH3517","Mariscal Sucre Int'l (UIO / SEQM)"
"394","A332","Sun 04:47AM","Sun 08:56AM"," TPA4008","El Dorado Int'l (BOG / SKBO)"
"418","B763","Sun 01:00AM","Sun 07:25AM"," LPE2466","Jorge Chavez Int'l (LIM / SPJC)"
"419","B763","Sun 03:23AM","Sun 07:20AM"," FDX72","Jose Maria Cordova Int'l (MDE / SKRG)"
"426","A332","Sun 01:24AM","Sun 07:45AM"," N335QT","Jorge Chavez Int'l (LIM / SPJC)"
"435","B738","Sun 05:44AM","10:43AM (?)"," AAL948","Jose Joaquin de Olmedo Int'l (GYE / SEGU)"
"451","B763","Sun 01:42AM","Sun 05:49AM"," UPS355","El Dorado Int'l (BOG / SKBO)"
"456","B752","Sun 12:12AM","Sun 04:51AM"," AAL946","Mariscal Sucre Int'l (UIO / SEQM)"
"462","B748","Sat 11:07PM","Sun 03:35AM"," GTI58","Mariscal Sucre Int'l (UIO / SEQM)"
"466","B763","Sat 10:15PM","Sun 04:37AM"," AAL918","Jorge Chavez Int'l (LIM / SPJC)"
"467","A319","Sun 12:26AM","Sun 04:32AM"," AAL1126","El Dorado Int'l (BOG / SKBO)"
"468","A332","Sun 12:22AM","Sun 04:15AM"," TPA4016","Jose Maria Cordova Int'l (MDE / SKRG)"
"469","B763","Sat 11:16PM","Sun 04:07AM"," AAL902","Jose Joaquin de Olmedo Int'l (GYE / SEGU)"
"476","B763","Sat 09:51PM","Sun 02:15AM"," LAE1814","El Dorado Int'l (BOG / SKBO)"
"477","B763","Sun 12:27AM","Sun 02:04AM"," NAC861","Jorge Chavez Int'l (LIM / SPJC)"
"478","A332","Sat 09:26PM","Sun 01:45AM"," TPA4002","El Dorado Int'l (BOG / SKBO)"
"480","A320","Sat 09:08PM","Sun 01:20AM"," AVA8","El Dorado Int'l (BOG / SKBO)"
"481","B744","Sat 08:03PM","Sun 12:36AM"," MPH7552","Mariscal Sucre Int'l (UIO / SEQM)"
"484","A319","Sat 10:16PM","Sun 02:29AM"," AVA126","El Dorado Int'l (BOG / SKBO)"
"485","A320","Sat 10:07PM","Sun 02:18AM"," ARE4364","El Dorado Int'l (BOG / SKBO)"
"487","B763","Sat 07:46PM","Sun 02:02AM"," N379CX","Jorge Chavez Int'l (LIM / SPJC)"
"488","B763","Sat 09:44PM","Sun 01:39AM"," AJT8640","Jose Maria Cordova Int'l (MDE / SKRG)"
"489","76V","Sat 08:30PM","Sun 01:29AM"," NFA8498","Mariscal Sucre Int'l (UIO / SEQM)"
"494","B744","Sat 07:33PM","Sat 11:34PM"," MPH6162","El Dorado Int'l (BOG / SKBO)"
"508","A332","Sat 06:20PM","Sat 10:41PM"," TPA4010","El Dorado Int'l (BOG / SKBO)"
"513","B763","Sat 05:24PM","Sat 10:01PM"," UPS385","Mariscal Sucre Int'l (UIO / SEQM)"
"536","MD11","Sat 07:26PM","Sat 09:02PM"," KYE514","Jorge Chavez Int'l (LIM / SPJC)"
"539","B763","Sat 04:48PM","Sat 08:46PM"," LAE2861","Jose Maria Cordova Int'l (MDE / SKRG)"
"547","B763","Sat 04:34PM","Sat 08:52PM"," UPS413","El Dorado Int'l (BOG / SKBO)"
"570","A319","Sat 03:52PM","Sat 07:52PM"," AAL1128","Jose Maria Cordova Int'l (MDE / SKRG)"
"598","B763","Sat 02:45PM","Sat 06:58PM"," ABX2246","El Dorado Int'l (BOG / SKBO)"
"599","A320","Sat 02:54PM","Sat 06:54PM"," VVC352","Jose Maria Cordova Int'l (MDE / SKRG)"
"600","A332","Sat 02:59PM","Sat 06:52PM"," TPA4014","Jose Maria Cordova Int'l (MDE / SKRG)"
"612","A319","Sat 02:35PM","Sat 06:47PM"," AAL916","El Dorado Int'l (BOG / SKBO)"
"615","A320","Sat 03:14PM","Sat 06:39PM"," AVA34","Rafael Nunez Int'l (CTG / SKCG)"
"620","B763","Sat 12:02PM","Sat 06:17PM"," LPE2462","Jorge Chavez Int'l (LIM / SPJC)"
"646","A330","Sat 11:36AM","Sat 05:52PM"," TPU962","Jorge Chavez Int'l (LIM / SPJC)"
"656","A319","Sat 01:02PM","Sat 05:20PM"," AVA4","El Dorado Int'l (BOG / SKBO)"
"669","A319","Sat 01:42PM","Sat 05:07PM"," AAL1144","Rafael Nunez Int'l (CTG / SKCG)"
"675","A319","Sat 01:25PM","Sat 04:48PM"," AAL1124","Ernesto Cortissoz Int'l (BAQ / SKBQ)"
"711","B752","Sat 09:35AM","Sat 04:01PM"," AAL1558","Jorge Chavez Int'l (LIM / SPJC)"
"712","B752","Sat 09:35AM","Sat 04:01PM"," AAL1558","Jorge Chavez Int'l (LIM / SPJC)"
"714","A320","Sat 11:37AM","Sat 03:56PM"," AVA38","Alfonso Bonilla Aragon Int'l (CLO / SKCL)"
"742","B748","Sat 11:02AM","Sat 03:28PM"," GTI5421","Mariscal Sucre Int'l (UIO / SEQM)"
"769","B763","Sat 10:17AM","Sat 02:41PM"," LAE1818","El Dorado Int'l (BOG / SKBO)"
"782","A332","Sat 09:50AM","Sat 02:35PM"," TPA4032","Mariscal Sucre Int'l (UIO / SEQM)"
"789","A320","Sat 09:43AM","Sat 01:39PM"," AVA30","Jose Maria Cordova Int'l (MDE / SKRG)"
"807","B738","Sat 08:28AM","Sat 12:47PM"," AAL920","Alfonso Bonilla Aragon Int'l (CLO / SKCL)"
"815","B77L","Sat 08:00AM","Sat 12:06PM"," ETH3518","El Dorado Int'l (BOG / SKBO)"
"830","A332","Sat 07:18AM","Sat 11:31AM"," AVA6","El Dorado Int'l (BOG / SKBO)"
"848","A319","Sat 06:52AM","Sat 11:00AM"," AAL1130","El Dorado Int'l (BOG / SKBO)"
"849","B738","Sat 05:43AM","Sat 10:56AM"," AAL948","Jose Joaquin de Olmedo Int'l (GYE / SEGU)"
"860","B738","Sat 05:43AM","Sat 10:56AM"," AAL948","Jose Joaquin de Olmedo Int'l (GYE / SEGU)"
"864","A320","Sat 07:15AM","Sat 10:37AM"," AVA2","Ernesto Cortissoz Int'l (BAQ / SKBQ)"
"871","B752","Sat 05:21AM","Sat 10:07AM"," AAL932","Mariscal Sucre Int'l (UIO / SEQM)"
"872","A319","Sat 06:12AM","Sat 10:03AM"," AAL924","Jose Maria Cordova Int'l (MDE / SKRG)"
"887","B744","Sat 05:40AM","Sat 09:43AM"," GTI78","El Dorado Int'l (BOG / SKBO)"
"930","B763","Sat 04:43AM","Sat 08:33AM"," FDX72","Jose Maria Cordova Int'l (MDE / SKRG)"
"946","B752","Sat 03:55AM","Sat 08:07AM"," UPS425","El Dorado Int'l (BOG / SKBO)"
"951","B763","Sat 03:16AM","Sat 07:23AM"," UPS355","El Dorado Int'l (BOG / SKBO)"
"965","A332","Sat 02:52AM","Sat 07:09AM"," TPA4006","El Dorado Int'l (BOG / SKBO)"
"967","B763","Sat 12:49AM","Sat 06:58AM"," LPE2466","Jorge Chavez Int'l (LIM / SPJC)"
"982","B752","Sat 01:33AM","Sat 06:32AM"," AAL946","Mariscal Sucre Int'l (UIO / SEQM)"
"986","A332","Sat 01:45AM","Sat 05:59AM"," TPA4004","El Dorado Int'l (BOG / SKBO)"
"987","A319","Sat 01:41AM","Sat 05:53AM"," AAL1126","El Dorado Int'l (BOG / SKBO)"
"993","B763","Fri 10:17PM","Sat 04:36AM"," AAL918","Jorge Chavez Int'l (LIM / SPJC)"
"996","A318","Fri 11:47PM","Sat 04:01AM"," AVA126","El Dorado Int'l (BOG / SKBO)"
"998","B763","Fri 10:46PM","Sat 03:35AM"," LAE1808","Mariscal Sucre Int'l (UIO / SEQM)"
"1004","B763","Fri 11:24PM","Sat 04:18AM"," AAL902","Jose Joaquin de Olmedo Int'l (GYE / SEGU)"
"1007","A332","Fri 11:44PM","Sat 03:39AM"," N331QT","Jose Maria Cordova Int'l (MDE / SKRG)"
"1010","A320","Fri 10:21PM","Sat 02:33AM"," ARE4364","El Dorado Int'l (BOG / SKBO)"
"1023","A319","Fri 08:54PM","Sat 01:07AM"," AVA8","El Dorado Int'l (BOG / SKBO)"
"1024","B763","Fri 07:46PM","Sat 12:29AM"," LCO1300","Mariscal Sucre Int'l (UIO / SEQM)"
"1025","A332","Fri 07:52PM","Sat 12:13AM"," TPA4000","El Dorado Int'l (BOG / SKBO)"
"5","A319","Sun 03:30PM","Sun 07:36PM"," AAL1531","Toncontin Int'l (TGU / MHTG)"
"16","A319","Sun 03:38PM","Sun 07:29PM"," AAL121","Ramon Villeda Morales Int'l (SAP / MHLM)"
"24","A319","Sun 03:30PM","Sun 07:36PM"," AAL1531","Toncontin Int'l (TGU / MHTG)"
"35","A319","Sun 03:38PM","Sun 07:29PM"," AAL121","Ramon Villeda Morales Int'l (SAP / MHLM)"
"54","B738","Sun 02:41PM","Sun 07:00PM"," AAL983","La Aurora Int'l (GUA / MGGT)"
"61","B738","Sun 02:26PM","Sun 06:40PM"," AAL2592","Managua Int'l (Augusto Cesar Sandino Int'l) (MGA / MNMG)"
"72","A319","Sun 02:10PM","Sun 06:35PM"," AAL1318","Daniel Oduber Int'l (LIR / MRLB)"
"104","A319","Sun 01:35PM","Sun 05:27PM"," AAL2440","Philip S. W. Goldson Int'l (BZE / MZBZ)"
"110","B738","Sun 01:23PM","Sun 05:35PM"," AAL2359","La Aurora Int'l (GUA / MGGT)"
"116","B738","Sun 12:48PM","Sun 05:21PM"," AAL1600","Juan Santamaria Int'l (SJO / MROC)"
"118","B763","Sun 01:03PM","Sun 05:15PM"," UPS357","Managua Int'l (Augusto Cesar Sandino Int'l) (MGA / MNMG)"
"121","B738","Sun 12:50PM","Sun 05:05PM"," AAL1520","El Salvador Int'l (SAL / MSLP)"
"129","B738","Sun 12:53PM","Sun 05:10PM"," AAL928","Managua Int'l (Augusto Cesar Sandino Int'l) (MGA / MNMG)"
"164","A319","Sun 11:44AM","Sun 03:40PM"," AAL961","Toncontin Int'l (TGU / MHTG)"
"171","B763","Sun 11:56AM","Sun 03:50PM"," AJT770","Ramon Villeda Morales Int'l (SAP / MHLM)"
"182","B738","Sun 11:38AM","Sun 03:22PM"," AAL1419","Philip S. W. Goldson Int'l (BZE / MZBZ)"
"194","B738","Sun 10:41AM","Sun 03:12PM"," AAL1238","Juan Santamaria Int'l (SJO / MROC)"
"213","A320","Sun 10:15AM","Sun 02:34PM"," TAI396","Managua Int'l (Augusto Cesar Sandino Int'l) (MGA / MNMG)"
"259","A319","Sun 08:25AM","Sun 12:49PM"," AVA64","El Salvador Int'l (SAL / MSLP)"
"292","A319","Sun 07:37AM","Sun 11:37AM"," AAL1504","Ramon Villeda Morales Int'l (SAP / MHLM)"
"294","B738","Sun 06:45AM","Sun 11:21AM"," AAL1204","Juan Santamaria Int'l (SJO / MROC)"
"296","76V","Sun 09:16AM","05:55PM (?)"," NFA8477","Juan Santamaria Int'l (SJO / MROC)"
"320","B738","Sun 06:20AM","Sun 10:35AM"," AAL1182","La Aurora Int'l (GUA / MGGT)"
"331","B763","Sun 05:58AM","Sun 10:26AM"," AJT878","Managua Int'l (Augusto Cesar Sandino Int'l) (MGA / MNMG)"
"332","B738","Sun 06:06AM","Sun 10:24AM"," AAL117","El Salvador Int'l (SAL / MSLP)"
"410","A30B","Sun 03:58AM","Sun 08:30AM"," TNO4066","Juan Santamaria Int'l (SJO / MROC)"
"440","B763","Sun 01:43AM","Sun 06:09AM"," ABX5232","Juan Santamaria Int'l (SJO / MROC)"
"453","B752","Sun 01:13AM","Sun 05:30AM"," UPS363","La Aurora Int'l (GUA / MGGT)"
"472","B763","Sat 11:30PM","Sun 03:26AM"," AJT764","Ramon Villeda Morales Int'l (SAP / MHLM)"
"509","B738","Sat 06:18PM","Sat 10:36PM"," AAL1520","El Salvador Int'l (SAL / MSLP)"
"562","B763","Sat 04:31PM","Sat 08:26PM"," UPS377","Ramon Villeda Morales Int'l (SAP / MHLM)"
"571","A319","Sat 03:45PM","Sat 07:51PM"," AAL1531","Toncontin Int'l (TGU / MHTG)"
"572","A319","Sat 03:45PM","Sat 07:51PM"," AAL1531","Toncontin Int'l (TGU / MHTG)"
"590","A319","Sat 03:19PM","Sat 07:22PM"," AAL121","Ramon Villeda Morales Int'l (SAP / MHLM)"
"610","A319","Sat 02:15PM","Sat 06:51PM"," AAL1318","Daniel Oduber Int'l (LIR / MRLB)"
"616","B738","Sat 02:21PM","Sat 06:38PM"," AAL2592","Managua Int'l (Augusto Cesar Sandino Int'l) (MGA / MNMG)"
"618","B738","Sat 02:14PM","Sat 06:25PM"," AAL983","La Aurora Int'l (GUA / MGGT)"
"633","B738","Sat 01:46PM","Sat 06:04PM"," AAL928","Managua Int'l (Augusto Cesar Sandino Int'l) (MGA / MNMG)"
"655","B738","Sat 12:54PM","Sat 05:23PM"," AAL1600","Juan Santamaria Int'l (SJO / MROC)"
"660","B738","Sat 12:54PM","Sat 05:05PM"," AAL2359","La Aurora Int'l (GUA / MGGT)"
"665","CVLT","Sat 12:40PM","Sat 05:21PM"," TSV7137","Ramon Villeda Morales Int'l (SAP / MHLM)"
"667","A319","Sat 01:35PM","Sat 05:18PM"," AAL2440","Philip S. W. Goldson Int'l (BZE / MZBZ)"
"706","CVLT","Sat 11:34AM","Sat 04:17PM"," N391FL","Ramon Villeda Morales Int'l (SAP / MHLM)"
"717","A319","Sat 11:51AM","Sat 03:49PM"," AAL961","Toncontin Int'l (TGU / MHTG)"
"721","B738","Sat 11:46AM","Sat 03:31PM"," AAL1518","Juan Manuel Galvez Int'l (Roatan Int'l) (RTB / MHRO)"
"736","B738","Sat 11:39AM","Sat 03:20PM"," AAL1419","Philip S. W. Goldson Int'l (BZE / MZBZ)"
"739","B738","Sat 10:35AM","Sat 03:07PM"," AAL1238","Juan Santamaria Int'l (SJO / MROC)"
"750","A320","Sat 10:48AM","Sat 03:05PM"," TAI396","Managua Int'l (Augusto Cesar Sandino Int'l) (MGA / MNMG)"
"773","A319","Sat 10:29AM","Sat 02:30PM"," TAI536","Ramon Villeda Morales Int'l (SAP / MHLM)"
"803","A320","Sat 08:53AM","Sat 01:12PM"," AVA64","El Salvador Int'l (SAL / MSLP)"
"829","A319","Sat 07:39AM","Sat 11:34AM"," AAL1504","Ramon Villeda Morales Int'l (SAP / MHLM)"
"843","B738","Sat 06:51AM","Sat 11:19AM"," AAL1204","Juan Santamaria Int'l (SJO / MROC)"
"852","B738","Sat 06:33AM","Sat 10:47AM"," AAL1182","La Aurora Int'l (GUA / MGGT)"
"867","B738","Sat 06:07AM","Sat 10:21AM"," AAL117","El Salvador Int'l (SAL / MSLP)"
"877","B763","Sat 05:20AM","Sat 09:43AM"," ABX5232","Juan Santamaria Int'l (SJO / MROC)"
"943","B763","Sat 04:09AM","Sat 08:21AM"," AJT860","Managua Int'l (Augusto Cesar Sandino Int'l) (MGA / MNMG)"
"949","B752","Sat 03:11AM","Sat 07:37AM"," UPS351","Juan Santamaria Int'l (SJO / MROC)"
"984","B752","Sat 01:56AM","Sat 06:12AM"," UPS353","La Aurora Int'l (GUA / MGGT)"
"7","E75L","Sun 04:25PM","Sun 07:26PM"," RPA4393","Martinique Aime Cesaire (FDF / TFFF)"
"17","B738","Sun 04:03PM","Sun 07:24PM"," AAL2703","Piarco Int'l (POS / TTPP)"
"19","B738","Sun 04:49PM","Sun 07:19PM"," AAL2739","Hato Int'l (CUR / TNCC)"
"26","E75L","Sun 04:25PM","Sun 07:26PM"," RPA4393","Martinique Aime Cesaire (FDF / TFFF)"
"36","B738","Sun 04:03PM","Sun 07:24PM"," AAL2703","Piarco Int'l (POS / TTPP)"
"38","B738","Sun 04:49PM","Sun 07:19PM"," AAL2739","Hato Int'l (CUR / TNCC)"
"39","B738","Sun 04:49PM","Sun 07:19PM"," AAL2739","Hato Int'l (CUR / TNCC)"
"40","B738","Sun 04:36PM","Sun 07:15PM"," AAL318","Robert L. Bradshaw Int'l (SKB / TKPK)"
"41","A319","Sun 03:56PM","Sun 07:11PM"," AAL1089","Grantley Adams Int'l (BGI / TBPB)"
"42","B789","Sun 05:13PM","Sun 07:07PM"," LAN592","Punta Cana Int'l (PUJ / MDPC)"
"44","B738","Sun 05:02PM","Sun 07:01PM"," AAL2468","Punta Cana Int'l (PUJ / MDPC)"
"48","B738","Sun 04:11PM","Sun 06:46PM"," AAL2219","Princess Juliana Int'l (SXM / TNCM)"
"50","B738","Sun 04:04PM","Sun 07:13PM"," AAL2295","Hewanorra Int'l (UVF / TLPL)"
"58","B738","Sun 04:11PM","Sun 06:46PM"," AAL2219","Princess Juliana Int'l (SXM / TNCM)"
"62","B738","Sun 03:25PM","Sun 06:36PM"," AAL982","Point Salines Int'l (GND / TGPY)"
"66","B752","Sun 03:59PM","Sun 06:20PM"," AAL1391","Cyril E King (STT / TIST)"
"73","B763","Sun 04:47PM","Sun 06:31PM"," AJT870","Cibao Int'l (Santiago Municipal) (STI / MDST)"
"75","A321","Sun 04:09PM","Sun 06:23PM"," AAL1613","Luis Munoz Marin Intl (SJU / TJSJ)"
"77","B738","Sun 03:48PM","Sun 06:18PM"," AAL1293","Henry E Rohlsen (STX / TISX)"
"88","B738","Sun 03:48PM","Sun 06:18PM"," AAL1293","Henry E Rohlsen (STX / TISX)"
"91","B763","Sun 04:18PM","Sun 06:11PM"," AJT872","Las Americas (SDQ / MDSD)"
"93","B738","Sun 03:21PM","Sun 06:02PM"," AAL1028","Queen Beatrix Int'l (AUA / TNCA)"
"95","B738","Sun 03:48PM","Sun 05:54PM"," PR-GTG","Punta Cana Int'l (PUJ / MDPC)"
"96","A319","Sun 03:04PM","Sun 05:52PM"," AAL2405","VC Bird Int'l (ANU / TAPA)"
"106","B738","Sun 03:41PM","Sun 05:24PM"," AAL1245","Cibao Int'l (Santiago Municipal) (STI / MDST)"
"119","A321","Sun 02:51PM","Sun 05:12PM"," AAL943","Cyril E King (STT / TIST)"
"127","B763","Sun 03:26PM","Sun 05:17PM"," UPS403","Las Americas (SDQ / MDSD)"
"132","B738","Sun 03:21PM","Sun 05:00PM"," AAL935","Gregorio Luperon Int'l (POP / MDPP)"
"133","","Sun 01:16PM","Sun 04:51PM"," CSQ712","Rafael Hernandez (BQN / TJBQ)"
"134","A321","Sun 01:29PM","Sun 04:49PM"," AAL2296","Grantley Adams Int'l (BGI / TBPB)"
"135","B752","Sun 02:27PM","Sun 04:48PM"," AAL1254","Luis Munoz Marin Intl (SJU / TJSJ)"
"141","B738","Sun 01:19PM","Sun 04:29PM"," AAL1550","Hewanorra Int'l (UVF / TLPL)"
"150","A321","Sun 02:33PM","Sun 04:32PM"," AAL1502","Punta Cana Int'l (PUJ / MDPC)"
"161","A321","Sun 02:00PM","Sun 03:52PM"," AAL987","Las Americas (SDQ / MDSD)"
"181","B738","Sun 01:43PM","Sun 03:25PM"," AAL1179","Gregorio Luperon Int'l (POP / MDPP)"
"183","B734","Sun 01:26PM","Sun 03:17PM"," SWQ1996","Las Americas (SDQ / MDSD)"
"226","B738","Sun 12:02PM","Sun 01:54PM"," AAL1072","Las Americas (SDQ / MDSD)"
"271","B738","Sun 10:30AM","Sun 12:43PM"," AAL2415","Luis Munoz Marin Intl (SJU / TJSJ)"
"275","B738","Sun 09:55AM","Sun 12:25PM"," AAL1036","Queen Beatrix Int'l (AUA / TNCA)"
"276","B738","Sun 09:03AM","Sun 12:23PM"," BWA484","Piarco Int'l (POS / TTPP)"
"280","B763","Sun 09:56AM","Sun 12:08PM"," AAL1091","Luis Munoz Marin Intl (SJU / TJSJ)"
"287","B738","Sun 09:03AM","Sun 12:23PM"," BWA484","Piarco Int'l (POS / TTPP)"
"290","B763","Sun 10:14AM","Sun 12:02PM"," NAC805","Las Americas (SDQ / MDSD)"
"322","B738","Sun 08:04AM","Sun 10:27AM"," AAL2227","Henry E Rohlsen (STX / TISX)"
"333","A321","Sun 07:06AM","Sun 10:22AM"," AAL2725","Grantley Adams Int'l (BGI / TBPB)"
"334","A321","Sun 07:06AM","Sun 10:22AM"," AAL2725","Grantley Adams Int'l (BGI / TBPB)"
"340","B738","Sun 07:14AM","Sun 09:55AM"," AAL1466","Robert L. Bradshaw Int'l (SKB / TKPK)"
"350","B738","Sun 07:19AM","Sun 09:53AM"," AAL910","Hato Int'l (CUR / TNCC)"
"363","B738","Sun 07:19AM","Sun 09:19AM"," AAL165","Punta Cana Int'l (PUJ / MDPC)"
"383","B738","Sun 07:10AM","Sun 08:59AM"," AAL1026","Las Americas (SDQ / MDSD)"
"390","B738","Sun 05:38AM","Sun 09:02AM"," AAL2282","Piarco Int'l (POS / TTPP)"
"395","B738","Sun 06:36AM","Sun 08:51AM"," AAL287","Luis Munoz Marin Intl (SJU / TJSJ)"
"398","B738","Sun 06:58AM","Sun 08:41AM"," AAL1306","Cibao Int'l (Santiago Municipal) (STI / MDST)"
"416","B738","Sun 05:54AM","Sun 07:47AM"," AAL1154","Las Americas (SDQ / MDSD)"
"532","","Sat 07:13PM","Sat 09:15PM"," GLO7732","Punta Cana Int'l (PUJ / MDPC)"
"533","","Sat 07:13PM","Sat 09:15PM"," GLO7732","Punta Cana Int'l (PUJ / MDPC)"
"545","B734","Sat 07:16PM","Sat 09:03PM"," SWQ1994","Las Americas (SDQ / MDSD)"
"548","B738","Sat 07:00PM","Sat 08:51PM"," AAL74","Las Americas (SDQ / MDSD)"
"564","B738","Sat 06:06PM","Sat 08:19PM"," AAL1355","Luis Munoz Marin Intl (SJU / TJSJ)"
"573","E75L","Sat 04:45PM","Sat 07:49PM"," RPA4393","Martinique Aime Cesaire (FDF / TFFF)"
"577","B738","Sat 04:06PM","Sat 07:30PM"," AAL2703","Piarco Int'l (POS / TTPP)"
"589","B738","Sat 04:46PM","Sat 07:23PM"," AAL2739","Hato Int'l (CUR / TNCC)"
"591","A319","Sat 03:55PM","Sat 07:18PM"," AAL1089","Grantley Adams Int'l (BGI / TBPB)"
"593","B738","Sat 04:50PM","Sat 07:17PM"," AAL1293","Henry E Rohlsen (STX / TISX)"
"597","B738","Sat 03:51PM","Sat 06:59PM"," AAL2295","Hewanorra Int'l (UVF / TLPL)"
"604","A319","Sat 03:56PM","Sat 07:12PM"," AAL1427","Argyle International Airport (SVD / TVSA)"
"609","B738","Sat 04:15PM","Sat 06:52PM"," AAL2219","Princess Juliana Int'l (SXM / TNCM)"
"614","A321","Sat 04:24PM","Sat 06:40PM"," AAL1613","Luis Munoz Marin Intl (SJU / TJSJ)"
"619","B738","Sat 04:17PM","Sat 06:18PM"," AAL2468","Punta Cana Int'l (PUJ / MDPC)"
"622","B738","Sat 03:25PM","Sat 06:45PM"," AAL982","Point Salines Int'l (GND / TGPY)"
"626","A319","Sat 03:52PM","Sat 06:36PM"," AAL1379","Flamingo Int'l (BON / TNCB)"
"627","B752","Sat 04:11PM","Sat 06:33PM"," AAL1391","Cyril E King (STT / TIST)"
"628","A319","Sat 03:27PM","Sat 06:21PM"," AAL2405","VC Bird Int'l (ANU / TAPA)"
"630","","Sat 04:40PM","Sat 06:15PM"," PR-GUX","Punta Cana Int'l (PUJ / MDPC)"
"632","E75L","Sat 03:01PM","Sat 06:06PM"," RPA4613","Pointe (PTP / TFFR)"
"645","B738","Sat 03:29PM","Sat 05:56PM"," AAL1028","Queen Beatrix Int'l (AUA / TNCA)"
"651","A319","Sat 03:36PM","Sat 05:34PM"," AAL1481","Las Americas (SDQ / MDSD)"
"652","B738","Sat 03:47PM","Sat 05:34PM"," AAL1245","Cibao Int'l (Santiago Municipal) (STI / MDST)"
"654","B738","Sat 02:42PM","Sat 05:29PM"," AAL318","Robert L. Bradshaw Int'l (SKB / TKPK)"
"664","A321","Sat 02:59PM","Sat 05:24PM"," AAL943","Cyril E King (STT / TIST)"
"671","A321","Sat 01:34PM","Sat 04:58PM"," AAL2296","Grantley Adams Int'l (BGI / TBPB)"
"682","B738","Sat 03:16PM","Sat 04:57PM"," AAL935","Gregorio Luperon Int'l (POP / MDPP)"
"686","B752","Sat 02:35PM","Sat 04:46PM"," AAL1254","Luis Munoz Marin Intl (SJU / TJSJ)"
"691","A321","Sat 02:31PM","Sat 04:33PM"," AAL1502","Punta Cana Int'l (PUJ / MDPC)"
"692","B738","Sat 01:16PM","Sat 04:32PM"," AAL1550","Hewanorra Int'l (UVF / TLPL)"
"708","MD83","Sat 02:20PM","Sat 04:12PM"," WAL701","Punta Cana Int'l (PUJ / MDPC)"
"710","","Sat 02:07PM","Sat 04:02PM"," SWQ202","Punta Cana Int'l (PUJ / MDPC)"
"744","B738","Sat 01:40PM","Sat 03:22PM"," AAL1179","Gregorio Luperon Int'l (POP / MDPP)"
"761","","Sat 01:12PM","Sat 03:03PM"," SWQ1996","Las Americas (SDQ / MDSD)"
"775","A321","Sat 12:20PM","Sat 02:14PM"," AAL1072","Las Americas (SDQ / MDSD)"
"797","B738","Sat 10:33AM","Sat 12:49PM"," AAL2415","Luis Munoz Marin Intl (SJU / TJSJ)"
"804","B738","Sat 09:43AM","Sat 01:09PM"," BWA484","Piarco Int'l (POS / TTPP)"
"813","B763","Sat 10:07AM","Sat 12:18PM"," NAC811","Luis Munoz Marin Intl (SJU / TJSJ)"
"824","B763","Sat 09:54AM","Sat 12:08PM"," AAL1091","Luis Munoz Marin Intl (SJU / TJSJ)"
"825","B738","Sat 09:32AM","Sat 11:58AM"," AAL1036","Queen Beatrix Int'l (AUA / TNCA)"
"854","B738","Sat 08:15AM","Sat 10:42AM"," AAL2227","Henry E Rohlsen (STX / TISX)"
"861","A320","Sat 07:53AM","Sat 10:50AM"," AFR616","Pointe (PTP / TFFR)"
"866","A321","Sat 07:03AM","Sat 10:26AM"," AAL2725","Grantley Adams Int'l (BGI / TBPB)"
"883","B738","Sat 07:14AM","Sat 09:59AM"," AAL1466","Robert L. Bradshaw Int'l (SKB / TKPK)"
"897","B738","Sat 07:21AM","Sat 09:15AM"," AAL1026","Las Americas (SDQ / MDSD)"
"901","B738","Sat 07:20AM","Sat 09:24AM"," AAL165","Punta Cana Int'l (PUJ / MDPC)"
"909","B738","Sat 05:37AM","Sat 09:08AM"," AAL2282","Piarco Int'l (POS / TTPP)"
"916","B738","Sat 07:06AM","Sat 08:49AM"," AAL1306","Cibao Int'l (Santiago Municipal) (STI / MDST)"
"921","B738","Sat 06:32AM","Sat 09:06AM"," AAL910","Hato Int'l (CUR / TNCC)"
"923","B738","Sat 06:40AM","Sat 08:57AM"," AAL287","Luis Munoz Marin Intl (SJU / TJSJ)"
"948","B738","Sat 05:47AM","Sat 07:40AM"," AAL1154","Las Americas (SDQ / MDSD)"
"966","B763","Sat 04:48AM","Sat 07:03AM"," AJT8642","Luis Munoz Marin Intl (SJU / TJSJ)"
"978","C550","Sat 02:26AM","Sat 05:48AM"," N82ML","Cyril E King (STT / TIST)"
"1019","","Fri 10:00PM","Fri 11:46PM"," AJT852","Las Americas (SDQ / MDSD)"
"1022","B752","Fri 10:59PM","Sat 01:18AM"," UPS9720","Luis Munoz Marin Intl (SJU / TJSJ)"
"4","B738","Sun 06:59PM","Sun 07:41PM"," AAL2750","Abel Santa Maria (SNU / MUSC)"
"12","B772","Sun 04:34PM","Sun 07:56PM"," AAL9669","Dallas-Fort Worth Intl (KDFW)"
"18","A320","Sun 03:26PM","Sun 07:21PM"," AIJ2962","Lic. Benito Juarez Int'l (MEX / MMMX)"
"23","B738","Sun 06:59PM","Sun 07:41PM"," AAL2750","Abel Santa Maria (SNU / MUSC)"
"31","B772","Sun 04:34PM","Sun 07:56PM"," AAL9669","Dallas-Fort Worth Intl (KDFW)"
"37","A320","Sun 03:26PM","Sun 07:21PM"," AIJ2962","Lic. Benito Juarez Int'l (MEX / MMMX)"
"52","E545","Sun 03:19PM","Sun 07:04PM"," LXJ407","Chicago Midway Intl (KMDW)"
"57","A319","Sun 05:58PM","Sun 06:48PM"," AAL2816","Ignacio Agramonte Int'l (CMW / MUCM)"
"63","E170","Sun 04:03PM","Sun 06:35PM"," RPA4432","New Orleans Intl (KMSY)"
"65","MD11","Sun 03:14PM","Sun 06:24PM"," FDX303","Memphis Intl (KMEM)"
"70","B763","Sun 03:42PM","Sun 06:41PM"," FDX104","Memphis Intl (KMEM)"
"78","B737","Sun 02:44PM","Sun 06:18PM"," UAL8181","Chicago O'Hare Intl (KORD)"
"79","B763","Sun 02:27PM","Sun 06:16PM"," MAA6170","Lic. Benito Juarez Int'l (MEX / MMMX)"
"82","C56X","Sun 02:26PM","Sun 06:10PM"," EJA590","Tulsa Intl (KTUL)"
"84","B752","Sun 02:41PM","Sun 06:00PM"," AAL2239","Dallas-Fort Worth Intl (KDFW)"
"86","A319","Sun 01:34PM","Sun 05:53PM"," DAL1525","Minneapolis/St Paul Intl (KMSP)"
"89","B737","Sun 02:44PM","Sun 06:16PM"," UAL2081","Chicago O'Hare Intl (KORD)"
"99","A319","Sun 01:54PM","Sun 05:39PM"," AAL1031","Lic. Benito Juarez Int'l (MEX / MMMX)"
"105","B763","Sun 01:51PM","Sun 05:25PM"," LAE2871","Chicago O'Hare Intl (KORD)"
"131","F2TH","Sun 01:36PM","Sun 05:03PM"," EJA290","Chicago Midway Intl (KMDW)"
"144","E75S","Sun 12:42PM","Sun 04:23PM"," RPA4519","Kansas City Intl (KMCI)"
"151","A319","Sun 12:24PM","Sun 04:29PM"," AAL1955","Minneapolis/St Paul Intl (KMSP)"
"163","B752","Sun 12:25PM","Sun 03:45PM"," AAL2025","Dallas-Fort Worth Intl (KDFW)"
"167","B738","Sun 12:21PM","Sun 04:08PM"," AMX422","Lic. Benito Juarez Int'l (MEX / MMMX)"
"173","E170","Sun 12:18PM","Sun 03:43PM"," RPA4408","St Louis Lambert Intl (KSTL)"
"179","E75L","Sun 12:53PM","Sun 03:29PM"," RPA4450","Manuel Crescencio Rejon Int'l (MID / MMMD)"
"189","A320","Sun 12:22PM","Sun 03:28PM"," UAL225","Houston Bush Int'ctl (KIAH)"
"190","A319","Sun 11:40AM","Sun 03:26PM"," AAL264","Lic. Benito Juarez Int'l (MEX / MMMX)"
"193","B734","Sun 02:37PM","Sun 03:16PM"," SWQ731","Abel Santa Maria (SNU / MUSC)"
"198","A321","Sun 11:21AM","Sun 03:00PM"," AAL797","Dallas-Fort Worth Intl (KDFW)"
"201","B738","Sun 11:15AM","Sun 02:42PM"," AAL1438","Chicago O'Hare Intl (KORD)"
"204","E145","Sun 11:31AM","Sun 02:33PM"," ENY4170","Memphis Intl (KMEM)"
"219","B738","Sun 11:18AM","Sun 02:20PM"," AAL1614","Houston Bush Int'ctl (KIAH)"
"233","B739","Sun 10:29AM","Sun 02:01PM"," UAL212","Chicago O'Hare Intl (KORD)"
"241","A321","Sun 10:14AM","Sun 01:36PM"," AAL2507","Chicago O'Hare Intl (KORD)"
"245","A320","Sun 10:13AM","Sun 01:14PM"," UAL2013","Houston Bush Int'ctl (KIAH)"
"246","A319","Sun 09:11AM","Sun 01:13PM"," DAL1936","Minneapolis/St Paul Intl (KMSP)"
"250","E75S","Sun 10:11AM","Sun 01:37PM"," RPA4368","Austin-Bergstrom Intl (KAUS)"
"253","B734","Sun 12:49PM","Sun 01:25PM"," SWQ2212","Abel Santa Maria (SNU / MUSC)"
"262","B752","Sun 09:24AM","Sun 12:43PM"," AAL1276","Dallas-Fort Worth Intl (KDFW)"
"264","","Sun 11:37AM","02:22PM (?)"," XA-JVC","Manuel Crescencio Rejon Int'l (MID / MMMD)"
"265","A320","Sun 08:47AM","Sun 12:28PM"," VOI854","Lic. Benito Juarez Int'l (MEX / MMMX)"
"266","A319","Sun 11:52AM","Sun 12:24PM"," AAL2742","Juan Gualberto Gomez Int'l (VRA / MUVR)"
"270","A319","Sun 10:17AM","Sun 12:45PM"," AAL2069","New Orleans Intl (KMSY)"
"277","A319","Sun 11:52AM","Sun 12:24PM"," AAL2742","Juan Gualberto Gomez Int'l (VRA / MUVR)"
"279","E75L","Sun 09:57AM","Sun 12:15PM"," AAL4271","Pensacola Intl (KPNS)"
"285","B734","Sun 10:45AM","Sun 11:20AM"," SWQ771","Ignacio Agramonte Int'l (CMW / MUCM)"
"286","A320","Sun 06:57AM","Sun 11:16AM"," VOI997","Don Miguel Hidalgo y Costilla Int'l (GDL / MMGL)"
"288","E75L","Sun 09:57AM","Sun 12:15PM"," RPA4271","Pensacola Intl (KPNS)"
"300","B734","Sun 10:19AM","Sun 11:04AM"," SWQ3152","Abel Santa Maria (SNU / MUSC)"
"303","E75L","Sun 07:37AM","Sun 10:55AM"," ASH6059","Houston Bush Int'ctl (KIAH)"
"304","B772","Sun 07:22AM","Sun 10:51AM"," AAL2386","Dallas-Fort Worth Intl (KDFW)"
"307","B738","Sun 07:23AM","Sun 11:12AM"," AMX412","Lic. Benito Juarez Int'l (MEX / MMMX)"
"314","E75L","Sun 07:13AM","Sun 10:47AM"," RPA4465","General Mariano Escobedo Int'l (MTY / MMMY)"
"315","E75L","Sun 06:07AM","Sun 10:44AM"," RPA4608","Minneapolis/St Paul Intl (KMSP)"
"317","E75L","Sun 07:13AM","Sun 10:47AM"," RPA4465","General Mariano Escobedo Int'l (MTY / MMMY)"
"318","E75L","Sun 06:07AM","Sun 10:44AM"," RPA4608","Minneapolis/St Paul Intl (KMSP)"
"321","A319","Sun 06:51AM","Sun 10:30AM"," AAL1498","Lic. Benito Juarez Int'l (MEX / MMMX)"
"324","B738","Sun 07:22AM","Sun 10:22AM"," AAL1841","Houston Bush Int'ctl (KIAH)"
"325","B772","Sun 07:22AM","Sun 10:51AM"," AAL2386","Dallas-Fort Worth Intl (KDFW)"
"329","B738","Sun 07:43AM","Sun 10:31AM"," AAL1770","Nashville Intl (KBNA)"
"341","B734","Sun 09:14AM","Sun 09:52AM"," SWQ513","Abel Santa Maria (SNU / MUSC)"
"342","E75L","Sun 06:15AM","Sun 09:50AM"," RPA4695","Kansas City Intl (KMCI)"
"343","A321","Sun 06:15AM","Sun 09:47AM"," AAL2438","Dallas-Fort Worth Intl (KDFW)"
"351","B738","Sun 07:23AM","Sun 09:50AM"," AAL2701","New Orleans Intl (KMSY)"
"356","A319","Sun 05:57AM","Sun 09:39AM"," AAL1604","San Antonio Intl (KSAT)"
"358","B738","Sun 06:09AM","Sun 09:34AM"," AAL2498","Chicago O'Hare Intl (KORD)"
"369","E170","Sun 06:27AM","Sun 09:30AM"," RPA4342","Houston Bush Int'ctl (KIAH)"
"378","A319","Sun 05:44AM","Sun 09:09AM"," AAL1593","Austin-Bergstrom Intl (KAUS)"
"380","A319","Sun 05:49AM","Sun 09:04AM"," AAL944","St Louis Lambert Intl (KSTL)"
"384","B738","Sun 05:51AM","Sun 09:17AM"," AAL1411","Chicago O'Hare Intl (KORD)"
"392","E75L","Sun 06:12AM","Sun 08:59AM"," RPA4471","Memphis Intl (KMEM)"
"399","B738","Sun 05:49AM","Sun 08:36AM"," AAL2831","Nashville Intl (KBNA)"
"401","A321","Sun 05:04AM","Sun 08:29AM"," AAL1042","Dallas-Fort Worth Intl (KDFW)"
"403","E145","Sun 05:59AM","Sun 08:15AM"," ENY3508","Pensacola Intl (KPNS)"
"406","E145","Sun 06:08AM","Sun 08:47AM"," ENY3380","Birmingham-Shuttlesworth Intl (KBHM)"
"407","B738","Sun 08:44AM","09:28AM (?)"," AAL351","Abel Santa Maria (SNU / MUSC)"
"408","A319","Sun 06:14AM","Sun 08:41AM"," AAL159","New Orleans Intl (KMSY)"
"437","B744","Sun 02:48AM","Sun 06:29AM"," GTI561","Lic. Benito Juarez Int'l (MEX / MMMX)"
"475","B763","Sat 11:26PM","Sun 02:24AM"," GTI3525","Houston Bush Int'ctl (KIAH)"
"490","B738","Sat 09:41PM","Sun 12:55AM"," AAL2720","Dallas-Fort Worth Intl (KDFW)"
"491","B738","Sat 09:03PM","Sun 12:31AM"," AAL922","Chicago O'Hare Intl (KORD)"
"496","A320","Sat 08:10PM","Sat 11:16PM"," UAL2146","Houston Bush Int'ctl (KIAH)"
"499","A319","Sat 09:28PM","Sat 10:41PM"," AAL1138","Antonio Maceo Int'l (SCU / MUCU)"
"501","A319","Sat 07:06PM","Sat 10:15PM"," AAL1235","Houston Bush Int'ctl (KIAH)"
"504","B738","Sat 07:41PM","Sat 11:28PM"," AMX428","Lic. Benito Juarez Int'l (MEX / MMMX)"
"514","B772","Sat 06:45PM","Sat 09:56PM"," AAL2206","Dallas-Fort Worth Intl (KDFW)"
"515","B772","Sat 06:35PM","Sat 09:47PM"," AAL1219","Dallas-Fort Worth Intl (KDFW)"
"519","A319","Sat 06:43PM","Sat 09:32PM"," AAL2625","Nashville Intl (KBNA)"
"520","B738","Sat 08:28PM","Sat 09:30PM"," AAL1482","Frank Pais (HOG / MUHG)"
"524","E145","Sat 07:14PM","Sat 09:48PM"," ENY3427","Pensacola Intl (KPNS)"
"544","A321","Sat 05:35PM","Sat 09:07PM"," AAL1277","Chicago O'Hare Intl (KORD)"
"551","E145","Sat 05:54PM","Sat 08:30PM"," ENY3841","Birmingham-Shuttlesworth Intl (KBHM)"
"555","B738","Sat 04:39PM","Sat 08:18PM"," AAL505","Lic. Benito Juarez Int'l (MEX / MMMX)"
"558","B738","Sat 04:35PM","Sat 08:08PM"," AAL1308","Chicago O'Hare Intl (KORD)"
"568","E75L","Sat 04:49PM","Sat 08:06PM"," RPA4565","Austin-Bergstrom Intl (KAUS)"
"578","A319","Sat 06:34PM","Sat 07:27PM"," AAL2816","Ignacio Agramonte Int'l (CMW / MUCM)"
"592","DC10","Sat 04:28PM","Sat 07:17PM"," FDX530","Memphis Intl (KMEM)"
"594","A319","Sat 03:39PM","Sat 07:13PM"," UAL2081","Chicago O'Hare Intl (KORD)"
"596","","Sat 02:58PM","Sat 07:04PM"," LET7283","Lic. Adolfo Lopez Mateos Int'l (TLC / MMTO)"
"603","B738","Sat 06:36PM","Sat 07:16PM"," AAL2750","Abel Santa Maria (SNU / MUSC)"
"606","B734","Sat 06:25PM","Sat 07:03PM"," SWQ513","Abel Santa Maria (SNU / MUSC)"
"617","A319","Sat 02:47PM","Sat 06:34PM"," AAL1031","Lic. Benito Juarez Int'l (MEX / MMMX)"
"621","B763","Sat 03:24PM","Sat 06:13PM"," FDX303","Memphis Intl (KMEM)"
"624","E75L","Sat 04:08PM","Sat 06:39PM"," RPA4432","New Orleans Intl (KMSY)"
"637","A319","Sat 01:42PM","Sat 05:48PM"," DAL1525","Minneapolis/St Paul Intl (KMSP)"
"641","A321","Sat 02:05PM","Sat 05:37PM"," AAL335","Chicago O'Hare Intl (KORD)"
"642","B752","Sat 02:46PM","Sat 06:05PM"," AAL2239","Dallas-Fort Worth Intl (KDFW)"
"643","A320","Sat 02:12PM","Sat 06:02PM"," AIJ5960","Lic. Benito Juarez Int'l (MEX / MMMX)"
"647","B734","Sat 05:13PM","Sat 05:46PM"," SWQ523","Ignacio Agramonte Int'l (CMW / MUCM)"
"658","A319","Sat 01:04PM","Sat 05:14PM"," AAL1955","Minneapolis/St Paul Intl (KMSP)"
"666","E75L","Sat 01:38PM","Sat 05:19PM"," RPA4519","Kansas City Intl (KMCI)"
"679","B752","Sat 01:13PM","Sat 04:40PM"," AAL2025","Dallas-Fort Worth Intl (KDFW)"
"685","B734","Sat 04:09PM","Sat 04:47PM"," SWQ3174","Frank Pais (HOG / MUHG)"
"707","B738","Sat 12:23PM","Sat 04:13PM"," AMX422","Lic. Benito Juarez Int'l (MEX / MMMX)"
"713","B738","Sat 12:43PM","Sat 03:58PM"," AAL797","Dallas-Fort Worth Intl (KDFW)"
"716","E145","Sat 12:46PM","Sat 03:50PM"," ENY4170","Memphis Intl (KMEM)"
"727","B737","Sat 12:46PM","Sat 03:43PM"," UAL225","Houston Bush Int'ctl (KIAH)"
"730","E75L","Sat 12:18PM","Sat 03:31PM"," ASH6276","Houston Bush Int'ctl (KIAH)"
"731","B738","Sat 12:17PM","Sat 03:31PM"," AAL1614","Houston Bush Int'ctl (KIAH)"
"733","B734","Sat 02:49PM","Sat 03:26PM"," SWQ553","Juan Gualberto Gomez Int'l (VRA / MUVR)"
"737","E75L","Sat 12:40PM","Sat 03:16PM"," RPA4438","Manuel Crescencio Rejon Int'l (MID / MMMD)"
"745","E75L","Sat 12:00PM","Sat 03:21PM"," RPA4368","Austin-Bergstrom Intl (KAUS)"
"765","A319","Sat 11:54AM","Sat 02:52PM"," AAL2069","New Orleans Intl (KMSY)"
"792","A319","Sat 09:13AM","Sat 01:20PM"," DAL1936","Minneapolis/St Paul Intl (KMSP)"
"793","B738","Sat 09:43AM","Sat 01:13PM"," AAL1438","Chicago O'Hare Intl (KORD)"
"796","E170","Sat 10:04AM","Sat 12:52PM"," RPA4271","Pensacola Intl (KPNS)"
"800","A319","Sat 12:04PM","Sat 12:37PM"," AAL2742","Juan Gualberto Gomez Int'l (VRA / MUVR)"
"806","B734","Sat 12:15PM","Sat 12:49PM"," SWQ751","Frank Pais (HOG / MUHG)"
"811","A320","Sat 08:43AM","Sat 12:29PM"," VOI854","Lic. Benito Juarez Int'l (MEX / MMMX)"
"814","A320","Sat 08:26AM","Sat 12:12PM"," AIJ2960","Lic. Benito Juarez Int'l (MEX / MMMX)"
"833","B738","Sat 07:28AM","Sat 11:20AM"," AMX412","Lic. Benito Juarez Int'l (MEX / MMMX)"
"842","B772","Sat 08:09AM","Sat 11:20AM"," AAL2386","Dallas-Fort Worth Intl (KDFW)"
"851","A321","Sat 07:24AM","Sat 10:54AM"," AAL2507","Chicago O'Hare Intl (KORD)"
"853","E75L","Sat 07:34AM","Sat 10:45AM"," ASH6059","Houston Bush Int'ctl (KIAH)"
"856","A319","Sat 07:23AM","Sat 10:27AM"," AAL1841","Houston Bush Int'ctl (KIAH)"
"862","E75L","Sat 07:03AM","Sat 10:46AM"," RPA4465","General Mariano Escobedo Int'l (MTY / MMMY)"
"868","A319","Sat 06:37AM","Sat 10:17AM"," AAL1498","Lic. Benito Juarez Int'l (MEX / MMMX)"
"870","B738","Sat 07:32AM","Sat 10:12AM"," AAL2701","New Orleans Intl (KMSY)"
"875","E75L","Sat 06:04AM","Sat 09:53AM"," RPA4695","Kansas City Intl (KMCI)"
"876","B738","Sat 06:21AM","Sat 09:50AM"," AAL2498","Chicago O'Hare Intl (KORD)"
"881","E75L","Sat 06:04AM","Sat 10:04AM"," RPA4608","Minneapolis/St Paul Intl (KMSP)"
"882","B738","Sat 07:15AM","Sat 10:02AM"," AAL1770","Nashville Intl (KBNA)"
"890","A321","Sat 06:12AM","Sat 09:27AM"," AAL2438","Dallas-Fort Worth Intl (KDFW)"
"891","A319","Sat 05:58AM","Sat 09:25AM"," AAL1604","San Antonio Intl (KSAT)"
"894","B738","Sat 05:51AM","Sat 09:21AM"," AAL1411","Chicago O'Hare Intl (KORD)"
"895","B738","Sat 08:35AM","Sat 09:18AM"," AAL351","Abel Santa Maria (SNU / MUSC)"
"896","E170","Sat 06:16AM","Sat 09:17AM"," RPA4342","Houston Bush Int'ctl (KIAH)"
"898","A319","Sat 05:47AM","Sat 09:13AM"," AAL1593","Austin-Bergstrom Intl (KAUS)"
"910","A319","Sat 06:20AM","Sat 09:08AM"," AAL159","New Orleans Intl (KMSY)"
"911","E75L","Sat 06:11AM","Sat 09:07AM"," RPA4422","Memphis Intl (KMEM)"
"913","A319","Sat 05:46AM","Sat 08:57AM"," AAL944","St Louis Lambert Intl (KSTL)"
"917","E145","Sat 06:07AM","Sat 08:46AM"," ENY3380","Birmingham-Shuttlesworth Intl (KBHM)"
"929","B738","Sat 05:46AM","Sat 08:35AM"," AAL2831","Nashville Intl (KBNA)"
"934","A321","Sat 05:07AM","Sat 08:20AM"," AAL1042","Dallas-Fort Worth Intl (KDFW)"
"941","E145","Sat 06:03AM","Sat 08:25AM"," ENY3508","Pensacola Intl (KPNS)"
"961","A30B","Sat 04:45AM","Sat 07:20AM"," TNO270","Manuel Crescencio Rejon Int'l (MID / MMMD)"
"970","B763","Sat 03:59AM","Sat 06:50AM"," FDX104","Memphis Intl (KMEM)"
"973","B763","Sat 03:32AM","Sat 06:30AM"," FDX1461","Memphis Intl (KMEM)"
"1009","B763","Fri 11:40PM","Sat 02:37AM"," GTI3525","Houston Bush Int'ctl (KIAH)"
"1011","B738","Fri 10:27PM","Sat 01:46AM"," AAL2720","Dallas-Fort Worth Intl (KDFW)"
"1012","A320","Fri 10:26PM","Sat 01:23AM"," UAL2749","Houston Bush Int'ctl (KIAH)"
"1026","B738","Fri 11:31PM","Sat 12:08AM"," AAL2750","Abel Santa Maria (SNU / MUSC)"
"1027","B738","Fri 09:00PM","Sat 12:02AM"," UAL2146","Houston Bush Int'ctl (KIAH)"
"1028","B748","Fri 09:08PM","Fri 11:48PM"," GTI612","Huntsville Intl (KHSV)"
"1029","B738","Fri 07:54PM","Fri 11:46PM"," AMX428","Lic. Benito Juarez Int'l (MEX / MMMX)"
"3","A333","Sun 05:08PM","Sun 07:55PM"," IBE6117","Barajas Int'l (MAD / LEMD)"
"22","A333","Sun 05:08PM","Sun 07:55PM"," IBE6117","Barajas Int'l (MAD / LEMD)"
"64","A333","Sun 02:31PM","Sun 06:25PM"," SWR64","Zurich (Kloten) (ZRH / LSZH)"
"76","B789","Sun 03:52PM","Sun 06:19PM"," AEA97","Barajas Int'l (MAD / LEMD)"
"102","A332","Sun 02:11PM","Sun 05:31PM"," TPA4046","Brussels (BRU / EBBR)"
"108","A332","Sun 01:36PM","Sun 05:40PM"," ISS969","Malpensa Int'l (MXP / LIMC)"
"122","B77W","Sun 02:15PM","Sun 05:00PM"," AFR90","Charles de Gaulle/Roissy (CDG / LFPG)"
"137","A333","Sun 01:21PM","Sun 04:42PM"," EWG5MP","Dusseldorf Int'l (DUS / EDDL)"
"175","A332","Sun 10:55AM","Sun 03:37PM"," AZA630","Leonardo da Vinci Int'l (Fiumicino Int'l) (FCO / LIRF)"
"186","A333","Sun 12:24PM","Sun 03:04PM"," IBE6123","Barajas Int'l (MAD / LEMD)"
"197","B763","Sun 10:20AM","Sun 03:02PM"," AUA97","Vienna Int'l (Schwechat) (VIE / LOWW)"
"209","A388","Sun 11:22AM","Sun 02:47PM"," DLH462","Frankfurt Int'l (FRA / EDDF)"
"220","B772","Sun 11:03AM","Sun 02:15PM"," AAL63","Charles de Gaulle/Roissy (CDG / LFPG)"
"224","GLEX","Sun 09:10AM","Sun 02:00PM"," 9H-VJQ","Galileo Galilei (Pisa Int'l) (PSA / LIRP)"
"240","B772","Sun 09:53AM","Sun 01:38PM"," AAL207","Malpensa Int'l (MXP / LIMC)"
"248","B772","Sun 11:20AM","Sun 01:44PM"," AAL69","Barajas Int'l (MAD / LEMD)"
"268","B772","Sun 09:48AM","Sun 12:56PM"," AAL113","Barcelona Int'l (BCN / LEBL)"
"474","B77L","Sun 12:45AM","Sun 03:05AM"," THY6437","Barajas Int'l (MAD / LEMD)"
"576","A333","Sat 05:16PM","Sat 07:41PM"," IBE6117","Barajas Int'l (MAD / LEMD)"
"629","B77L","Sat 03:52PM","Sat 06:18PM"," ETH3516","Zaragoza (ZAZ / LEZG)"
"635","B789","Sat 03:51PM","Sat 05:57PM"," AEA97","Barajas Int'l (MAD / LEMD)"
"638","A333","Sat 01:50PM","Sat 05:45PM"," SWR64","Zurich (Kloten) (ZRH / LSZH)"
"649","A332","Sat 02:01PM","Sat 05:43PM"," ISS969","Malpensa Int'l (MXP / LIMC)"
"657","B77W","Sat 02:23PM","Sat 05:19PM"," AFR90","Charles de Gaulle/Roissy (CDG / LFPG)"
"676","B788","Sat 12:21PM","Sat 04:46PM"," LOT29","Warsaw Frederic Chopin (WAW / EPWA)"
"688","A333","Sat 12:44PM","Sat 04:42PM"," EWG5MP","Dusseldorf Int'l (DUS / EDDL)"
"695","A333","Sat 12:46PM","Sat 04:23PM"," CRL918","Paris Orly (ORY / LFPO)"
"743","A388","Sat 11:28AM","Sat 03:25PM"," DLH462","Frankfurt Int'l (FRA / EDDF)"
"749","A332","Sat 11:05AM","Sat 03:06PM"," AZA630","Leonardo da Vinci Int'l (Fiumicino Int'l) (FCO / LIRF)"
"756","B763","Sat 10:17AM","Sat 02:51PM"," AUA97","Vienna Int'l (Schwechat) (VIE / LOWW)"
"758","A333","Sat 12:20PM","Sat 02:45PM"," IBE6123","Barajas Int'l (MAD / LEMD)"
"780","B788","Sat 10:00AM","Sat 01:36PM"," JAF251","Brussels (BRU / EBBR)"
"786","B772","Sat 10:58AM","Sat 02:06PM"," AAL63","Charles de Gaulle/Roissy (CDG / LFPG)"
"795","B772","Sat 09:38AM","Sat 12:54PM"," AAL207","Malpensa Int'l (MXP / LIMC)"
"805","B744","Sat 09:52AM","Sat 12:52PM"," MPH6161","Amsterdam Schiphol (AMS / EHAM)"
"812","B772","Sat 09:57AM","Sat 12:23PM"," AAL113","Barcelona Int'l (BCN / LEBL)"
"822","B772","Sat 10:19AM","Sat 12:20PM"," AAL69","Barajas Int'l (MAD / LEMD)"
"1","B735","Sun 07:29PM","Sun 08:01PM"," BHS229","Lynden Pindling Int'l (Nassau) (NAS / MYNN)"
"2","B763","Sun 05:43PM","Sun 07:57PM"," AAL2595","Philadelphia Intl (KPHL)"
"6","A321","Sun 04:55PM","Sun 07:29PM"," ROU1642","Toronto Pearson Int'l (CYYZ)"
"9","E145","Sun 06:53PM","Sun 07:19PM"," ENY4174","Grand Bahama Int'l (Freeport Int'l) (FPO / MYGF)"
"11","A319","Sun 05:56PM","Sun 07:59PM"," AAL1803","Reagan National (KDCA)"
"13","B738","Sun 07:15PM","Sun 07:50PM"," AAL2482","Jose Marti Int'l (HAV / MUHA)"
"14","E145","Sun 05:37PM","Sun 07:36PM"," ENY3367","Norfolk Intl (KORF)"
"20","B735","Sun 07:29PM","Sun 08:01PM"," BHS229","Lynden Pindling Int'l (Nassau) (NAS / MYNN)"
"21","B763","Sun 05:43PM","Sun 07:57PM"," AAL2595","Philadelphia Intl (KPHL)"
"25","A321","Sun 04:55PM","Sun 07:29PM"," ROU1642","Toronto Pearson Int'l (CYYZ)"
"28","E145","Sun 06:53PM","Sun 07:19PM"," ENY4174","Grand Bahama Int'l (Freeport Int'l) (FPO / MYGF)"
"30","A319","Sun 05:56PM","Sun 07:59PM"," AAL1803","Reagan National (KDCA)"
"32","B738","Sun 07:15PM","Sun 07:50PM"," AAL2482","Jose Marti Int'l (HAV / MUHA)"
"33","E145","Sun 05:37PM","Sun 07:36PM"," ENY3367","Norfolk Intl (KORF)"
"45","A319","Sun 06:06PM","Sun 06:57PM"," AAL669","Tampa Intl (KTPA)"
"47","A320","Sun 04:03PM","Sun 06:49PM"," DAL1727","LaGuardia (KLGA)"
"53","B752","Sun 06:06PM","Sun 07:02PM"," UPS1332","Jacksonville Intl (KJAX)"
"56","E145","Sun 05:42PM","Sun 06:50PM"," ENY3359","Savannah/Hilton Head Intl (KSAV)"
"59","A320","Sun 05:22PM","Sun 06:44PM"," DAL1956","Hartsfield-Jackson Intl (KATL)"
"67","B763","Sun 04:12PM","Sun 06:18PM"," UPS400","Louisville Muhammad Ali International Airport (KSDF)"
"68","B738","Sun 06:01PM","Sun 06:44PM"," AAL838","Jose Marti Int'l (HAV / MUHA)"
"69","C56X","Sun 06:43PM","07:57PM (?)"," N590QS","Miami Intl (KMIA)"
"71","A321","Sun 04:30PM","Sun 06:37PM"," AAL990","Reagan National (KDCA)"
"74","CL35","Sun 05:40PM","Sun 06:24PM"," EJA764","Clearwater Intl (KPIE)"
"80","E75L","Sun 05:36PM","Sun 06:14PM"," RPA4348","Lynden Pindling Int'l (Nassau) (NAS / MYNN)"
"81","C56X","Sun 03:51PM","Sun 06:12PM"," EJA669","Washington Dulles Intl (KIAD)"
"87","A319","Sun 03:45PM","Sun 05:48PM"," AAL1989","Reagan National (KDCA)"
"90","A321","Sun 04:00PM","Sun 06:14PM"," AAL2571","Philadelphia Intl (KPHL)"
"92","A320","Sun 04:38PM","Sun 06:05PM"," DAL2025","Hartsfield-Jackson Intl (KATL)"
"94","E170","Sun 04:34PM","Sun 06:00PM"," RPA4407","Hartsfield-Jackson Intl (KATL)"
"97","A319","Sun 03:45PM","Sun 05:48PM"," AAL1989","Reagan National (KDCA)"
"100","E75L","Sun 04:43PM","Sun 05:36PM"," RPA4673","Exuma Int'l (GGT / MYEF)"
"101","E145","Sun 04:21PM","Sun 05:34PM"," ENY3861","Tallahassee Intl (KTLH)"
"103","B738","Sun 04:02PM","Sun 05:28PM"," AAL1527","Providenciales Int'l (PLS / MBPV)"
"109","E145","Sun 04:46PM","Sun 05:38PM"," ENY3721","Gainesville Rgnl (KGNV)"
"112","B763","Sun 03:26PM","Sun 05:30PM"," GTI3016","Cincinnati/Northern Kentucky International Airport (KCVG)"
"114","LJ60","Sun 05:11PM","Sun 05:26PM"," HPJ296","Fort Lauderdale Executive (KFXE)"
"117","E145","Sun 02:57PM","Sun 05:18PM"," ENY3334","Pittsburgh Intl (KPIT)"
"125","B763","Sun 02:51PM","Sun 04:48PM"," UPS1330","Louisville Muhammad Ali International Airport (KSDF)"
"126","B738","Sun 02:11PM","Sun 04:43PM"," AAL2669","LaGuardia (KLGA)"
"128","E75S","Sun 04:31PM","Sun 05:12PM"," RPA4692","Lynden Pindling Int'l (Nassau) (NAS / MYNN)"
"130","A321","Sun 03:31PM","Sun 05:06PM"," AAL1609","Charlotte/Douglas Intl (KCLT)"
"140","C56X","Sun 03:53PM","Sun 04:34PM"," N614QS","Lynden Pindling Int'l (Nassau) (NAS / MYNN)"
"142","E145","Sun 03:10PM","Sun 04:28PM"," ENY4233","Charleston Intl/AFB (KCHS)"
"143","B734","Sun 03:52PM","Sun 04:24PM"," SWQ3142","Jose Marti Int'l (HAV / MUHA)"
"147","","Sun 04:00PM","Sun 04:40PM"," SWQ704","Jose Marti Int'l (HAV / MUHA)"
"148","E145","Sun 02:11PM","Sun 04:36PM"," ENY3677","Cleveland-Hopkins Intl (KCLE)"
"149","E75L","Sun 03:38PM","Sun 04:34PM"," RPA4629","Jacksonville Intl (KJAX)"
"153","A321","Sun 03:44PM","Sun 04:24PM"," AAL1362","Orlando Intl (KMCO)"
"155","B738","Sun 02:02PM","Sun 04:18PM"," AAL1114","Philadelphia Intl (KPHL)"
"156","B738","Sun 01:19PM","Sun 04:13PM"," AAL1099","Boston Logan Intl (KBOS)"
"157","B738","Sun 01:19PM","Sun 04:13PM"," AAL1099","Boston Logan Intl (KBOS)"
"159","B738","Sun 02:20PM","Sun 03:59PM"," AAL903","Port-au-Prince Intl (PAP / MTPP)"
"165","E75L","Sun 02:58PM","Sun 03:37PM"," RPA4458","Lynden Pindling Int'l (Nassau) (NAS / MYNN)"
"168","B735","Sun 03:23PM","Sun 04:01PM"," BHS227","Lynden Pindling Int'l (Nassau) (NAS / MYNN)"
"169","B763","Sun 01:23PM","Sun 03:58PM"," AAL291","John F Kennedy Intl (KJFK)"
"170","MD88","Sun 02:28PM","Sun 03:53PM"," DAL1224","Hartsfield-Jackson Intl (KATL)"
"172","B738","Sun 02:15PM","Sun 03:47PM"," AAL2732","Cap-Haitien Int'l (CAP / MTCH)"
"176","E145","Sun 01:13PM","Sun 03:33PM"," ENY3483","Indianapolis Intl (KIND)"
"177","E145","Sun 01:13PM","Sun 03:33PM"," ENY3483","Indianapolis Intl (KIND)"
"180","A319","Sun 01:02PM","Sun 03:28PM"," DAL2535","Detroit Metro Wayne Co (KDTW)"
"185","B738","Sun 12:43PM","Sun 03:08PM"," AAL1601","LaGuardia (KLGA)"
"187","A319","Sun 12:47PM","Sun 03:31PM"," AAL2676","Toronto Pearson Int'l (CYYZ)"
"188","A320","Sun 01:03PM","Sun 03:30PM"," DAL1469","LaGuardia (KLGA)"
"199","MD88","Sun 01:27PM","Sun 02:52PM"," DAL2373","Hartsfield-Jackson Intl (KATL)"
"200","A319","Sun 12:13PM","Sun 02:46PM"," UAL1415","Newark Liberty Intl (KEWR)"
"202","C172","Sun 01:15PM","Sun 02:39PM"," N62568","Key West Intl (KEYW)"
"203","B738","Sun 12:24PM","Sun 02:34PM"," AAL1048","Reagan National (KDCA)"
"206","E145","Sun 12:16PM","Sun 02:27PM"," ENY459G","Cincinnati/Northern Kentucky International Airport (KCVG)"
"210","E75L","Sun 01:16PM","Sun 02:45PM"," RPA4385","Providenciales Int'l (PLS / MBPV)"
"211","E75L","Sun 02:00PM","Sun 02:40PM"," RPA4433","Lynden Pindling Int'l (Nassau) (NAS / MYNN)"
"212","B738","Sun 02:01PM","Sun 02:36PM"," AAL9665","Jose Marti Int'l (HAV / MUHA)"
"216","E145","Sun 12:13PM","Sun 02:26PM"," ENY3332","John Glenn Columbus Intl Airport (KCMH)"
"217","E145","Sun 12:13PM","Sun 02:26PM"," ENY3332","John Glenn Columbus Intl Airport (KCMH)"
"218","B738","Sun 01:44PM","Sun 02:22PM"," AAL2706","Jose Marti Int'l (HAV / MUHA)"
"221","A320","Sun 11:40AM","Sun 02:11PM"," DAL2175","John F Kennedy Intl (KJFK)"
"223","B738","Sun 01:26PM","Sun 02:03PM"," AAL2834","Lynden Pindling Int'l (Nassau) (NAS / MYNN)"
"225","A320","Sun 12:33PM","Sun 01:58PM"," FFT1514","Hartsfield-Jackson Intl (KATL)"
"227","E145","Sun 12:15PM","Sun 02:24PM"," ENY3459","Cincinnati/Northern Kentucky International Airport (KCVG)"
"228","B738","Sun 01:44PM","Sun 02:22PM"," AAL260","Orlando Intl (KMCO)"
"229","C56X","Sun 11:31AM","Sun 02:20PM"," EJA667","Buffalo Niagara Intl (KBUF)"
"230","B763","Sun 11:54AM","Sun 02:13PM"," AAL1623","Philadelphia Intl (KPHL)"
"231","A319","Sun 12:47PM","Sun 02:09PM"," AAL2828","Hartsfield-Jackson Intl (KATL)"
"234","A319","Sun 01:23PM","Sun 01:59PM"," AAL2584","Tampa Intl (KTPA)"
"235","E75L","Sun 12:00PM","Sun 01:54PM"," RPA4384","Norfolk Intl (KORF)"
"236","B738","Sun 11:18AM","Sun 01:52PM"," AAL1571","John F Kennedy Intl (KJFK)"
"239","A319","Sun 12:06PM","Sun 01:43PM"," AAL2397","Raleigh-Durham Intl (KRDU)"
"242","E75L","Sun 12:46PM","Sun 01:31PM"," RPA4387","Exuma Int'l (GGT / MYEF)"
"243","A321","Sun 11:06AM","Sun 01:26PM"," AAL2512","Detroit Metro Wayne Co (KDTW)"
"244","E145","Sun 12:23PM","Sun 01:19PM"," ENY4181","Jacksonville Intl (KJAX)"
"249","MD90","Sun 12:09PM","Sun 01:41PM"," DAL1795","Hartsfield-Jackson Intl (KATL)"
"251","A319","Sun 11:05AM","Sun 01:32PM"," AAL1060","Newark Liberty Intl (KEWR)"
"252","E145","Sun 12:14PM","Sun 01:30PM"," ENY3941","Charleston Intl/AFB (KCHS)"
"254","E75L","Sun 10:48AM","Sun 01:16PM"," RPA4517","LaGuardia (KLGA)"
"255","C68A","Sun 12:31PM","Sun 01:13PM"," EJA571","Orlando Sanford Intl (KSFB)"
"256","E145","Sun 12:31PM","Sun 01:10PM"," ENY3726","North Eleuthera (ELH / MYEH)"
"263","E145","Sun 12:12PM","Sun 12:41PM"," ENY3489","Grand Bahama Int'l (Freeport Int'l) (FPO / MYGF)"
"267","E75L","Sun 12:22PM","Sun 01:05PM"," RPA4409","Marsh Harbour (MHH / MYAM)"
"269","A321","Sun 10:14AM","Sun 12:47PM"," DAL838","LaGuardia (KLGA)"
"272","B738","Sun 12:01PM","Sun 12:42PM"," AAL1334","Jose Marti Int'l (HAV / MUHA)"
"273","E75L","Sun 12:16PM","Sun 12:39PM"," RPA4558","Key West Intl (KEYW)"
"274","A319","Sun 10:24AM","Sun 12:30PM"," AAL2278","Reagan National (KDCA)"
"278","B735","Sun 11:47AM","Sun 12:20PM"," BHS223","Lynden Pindling Int'l (Nassau) (NAS / MYNN)"
"282","A320","Sun 09:16AM","Sun 11:47AM"," ROU1640","Toronto Pearson Int'l (CYYZ)"
"283","B738","Sun 10:03AM","Sun 11:32AM"," AAL342","Charlotte/Douglas Intl (KCLT)"
"284","MD88","Sun 10:02AM","Sun 11:25AM"," DAL2405","Hartsfield-Jackson Intl (KATL)"
"289","A320","Sun 11:32AM","Sun 12:11PM"," DAL650","Jose Marti Int'l (HAV / MUHA)"
"291","C208","Sun 10:56AM","Sun 11:54AM"," GGT310","Congo Town (COX / MYAK)"
"293","A319","Sun 09:09AM","Sun 11:30AM"," DAL1829","Detroit Metro Wayne Co (KDTW)"
"295","E75L","Sun 10:35AM","Sun 11:18AM"," RPA4590","Lynden Pindling Int'l (Nassau) (NAS / MYNN)"
"297","B738","Sun 08:45AM","Sun 11:14AM"," AAL970","LaGuardia (KLGA)"
"298","B738","Sun 08:54AM","Sun 11:11AM"," AAL1533","Philadelphia Intl (KPHL)"
"299","A320","Sun 08:40AM","Sun 11:09AM"," DAL2190","John F Kennedy Intl (KJFK)"
"302","A319","Sun 09:31AM","Sun 10:56AM"," AAL2717","Hartsfield-Jackson Intl (KATL)"
"309","B738","Sun 08:37AM","Sun 11:07AM"," AAL1610","John F Kennedy Intl (KJFK)"
"310","A319","Sun 08:04AM","Sun 11:03AM"," ROU1650","Montreal-Trudeau (CYUL)"
"311","B738","Sun 08:01AM","Sun 10:57AM"," AAL1259","Boston Logan Intl (KBOS)"
"312","B738","Sun 10:16AM","Sun 10:55AM"," AAL838","Jose Marti Int'l (HAV / MUHA)"
"313","B738","Sun 09:17AM","Sun 10:51AM"," AAL1181","Port-au-Prince Intl (PAP / MTPP)"
"316","B738","Sun 09:17AM","Sun 10:51AM"," AAL1181","Port-au-Prince Intl (PAP / MTPP)"
"319","E145","Sun 09:45AM","Sun 10:41AM"," ENY3552","Jacksonville Intl (KJAX)"
"323","E145","Sun 08:09AM","Sun 10:25AM"," ENY4232","John Glenn Columbus Intl Airport (KCMH)"
"330","MD88","Sun 09:01AM","Sun 10:27AM"," DAL1987","Hartsfield-Jackson Intl (KATL)"
"335","","Sun 09:42AM","Sun 10:19AM"," SWQ3140","Jose Marti Int'l (HAV / MUHA)"
"336","","Sun 09:39AM","Sun 10:15AM"," SWQ702","Jose Marti Int'l (HAV / MUHA)"
"339","A319","Sun 07:52AM","Sun 10:01AM"," AAL1340","Reagan National (KDCA)"
"345","","Sun 07:06AM","Sun 10:16AM"," LTG8488","Miami Intl (KMIA)"
"346","B738","Sun 09:31AM","Sun 10:14AM"," AAL2678","Jose Marti Int'l (HAV / MUHA)"
"349","","Sun 09:21AM","Sun 09:56AM"," N700MF","Key West Intl (KEYW)"
"352","A320","Sun 07:22AM","Sun 09:49AM"," UAL1109","Newark Liberty Intl (KEWR)"
"353","E145","Sun 07:20AM","Sun 09:46AM"," ENY3530","Cleveland-Hopkins Intl (KCLE)"
"354","E145","Sun 08:15AM","Sun 09:45AM"," ENY3446","Greenville/Spartanburg Intl (KGSP)"
"355","B738","Sun 08:57AM","Sun 09:41AM"," AAL588","Orlando Intl (KMCO)"
"357","A319","Sun 06:40AM","Sun 09:36AM"," AAL2623","Boston Logan Intl (KBOS)"
"359","E75L","Sun 07:16AM","Sun 09:30AM"," RPA4711","Indianapolis Intl (KIND)"
"360","E75L","Sun 07:15AM","Sun 09:26AM"," RPA4653","Louisville Muhammad Ali International Airport (KSDF)"
"361","B738","Sun 06:16AM","Sun 09:22AM"," AAL1516","Montreal-Trudeau (CYUL)"
"362","B752","Sun 07:04AM","Sun 09:21AM"," AAL415","Philadelphia Intl (KPHL)"
"364","A321","Sun 07:12AM","Sun 09:42AM"," AAL1530","LaGuardia (KLGA)"
"365","C680","Sun 09:19AM","Sun 09:39AM"," EJA339","Palm Beach Intl (KPBI)"
"366","A320","Sun 07:07AM","Sun 09:38AM"," DAL1415","LaGuardia (KLGA)"
"367","E145","Sun 08:29AM","Sun 09:35AM"," ENY3663","Tallahassee Intl (KTLH)"
"368","E145","Sun 07:34AM","Sun 09:33AM"," ENY3937","Richmond Intl (KRIC)"
"370","B738","Sun 08:07AM","Sun 09:23AM"," AAL1338","Providenciales Int'l (PLS / MBPV)"
"371","B738","Sun 08:44AM","Sun 09:22AM"," AAL1118","Tampa Intl (KTPA)"
"372","A319","Sun 06:47AM","Sun 09:19AM"," AAL2510","LaGuardia (KLGA)"
"373","E145","Sun 07:33AM","Sun 09:18AM"," ENY3565","Piedmont Triad Intl (KGSO)"
"374","E145","Sun 07:33AM","Sun 09:18AM"," ENY3565","Piedmont Triad Intl (KGSO)"
"375","E75L","Sun 07:03AM","Sun 09:16AM"," RPA4612","Pittsburgh Intl (KPIT)"
"376","A319","Sun 06:32AM","Sun 09:14AM"," AAL2589","Toronto Pearson Int'l (CYYZ)"
"379","E145","Sun 07:07AM","Sun 09:06AM"," ENY4227","Norfolk Intl (KORF)"
"381","A321","Sun 06:29AM","Sun 09:01AM"," AAL2899","LaGuardia (KLGA)"
"382","PC12","Sun 08:30AM","Sun 08:59AM"," SUP977","Page Field (KFMY)"
"385","A319","Sun 07:51AM","Sun 09:14AM"," AAL2344","Hartsfield-Jackson Intl (KATL)"
"386","E145","Sun 06:59AM","Sun 09:12AM"," ENY3775","John Glenn Columbus Intl Airport (KCMH)"
"387","A321","Sun 07:03AM","Sun 09:10AM"," AAL391","Reagan National (KDCA)"
"388","A319","Sun 07:37AM","Sun 09:08AM"," AAL770","Charlotte/Douglas Intl (KCLT)"
"391","E75S","Sun 07:18AM","Sun 09:01AM"," RPA4699","McGhee Tyson (KTYS)"
"393","CL35","Sun 08:19AM","Sun 08:57AM"," EJA751","Orlando Intl (KMCO)"
"397","A321","Sun 05:52AM","Sun 08:45AM"," AAL1418","Boston Logan Intl (KBOS)"
"400","A319","Sun 06:08AM","Sun 08:31AM"," AAL1020","Detroit Metro Wayne Co (KDTW)"
"402","E75L","Sun 07:04AM","Sun 08:23AM"," RPA4466","Charleston Intl/AFB (KCHS)"
"404","B738","Sun 06:11AM","Sun 08:56AM"," AAL146","Bradley Intl (KBDL)"
"405","B738","Sun 07:10AM","Sun 08:50AM"," AAL1088","Raleigh-Durham Intl (KRDU)"
"409","E145","Sun 06:26AM","Sun 08:33AM"," ENY3638","Cincinnati/Northern Kentucky International Airport (KCVG)"
"412","A319","Sun 07:39AM","Sun 08:20AM"," AAL2352","Orlando Intl (KMCO)"
"414","A319","Sun 06:46AM","Sun 08:07AM"," AAL1177","Hartsfield-Jackson Intl (KATL)"
"415","B738","Sun 05:56AM","Sun 08:00AM"," AAL1178","Reagan National (KDCA)"
"417","A319","Sun 07:07AM","Sun 07:44AM"," AAL2179","Tampa Intl (KTPA)"
"420","B738","Sun 06:37AM","Sun 07:17AM"," AAL1479","Orlando Intl (KMCO)"
"421","E145","Sun 06:16AM","Sun 07:15AM"," ENY3570","Tallahassee Intl (KTLH)"
"422","E170","Sun 06:15AM","Sun 07:13AM"," RPA4428","Jacksonville Intl (KJAX)"
"423","E75L","Sun 05:49AM","Sun 07:03AM"," RPA4379","Charleston Intl/AFB (KCHS)"
"424","B735","Sun 07:29AM","Sun 08:03AM"," BHS221","Lynden Pindling Int'l (Nassau) (NAS / MYNN)"
"428","B738","Sun 05:12AM","Sun 07:24AM"," AAL1183","Baltimore/Washington Intl (KBWI)"
"430","E75L","Sun 06:08AM","Sun 07:15AM"," RPA4273","Savannah/Hilton Head Intl (KSAV)"
"431","A319","Sun 06:40AM","Sun 07:13AM"," AAL1977","Tampa Intl (KTPA)"
"432","A319","Sun 05:23AM","Sun 07:11AM"," AAL1059","Norfolk Intl (KORF)"
"433","B738","Sun 05:39AM","Sun 07:01AM"," AAL1151","Hartsfield-Jackson Intl (KATL)"
"445","E75S","Sun 06:13AM","Sun 06:43AM"," RPA4549","Key West Intl (KEYW)"
"463","B763","Sun 01:01AM","Sun 03:11AM"," GTI3509","Baltimore/Washington Intl (KBWI)"
"482","A320","Sat 09:58PM","Sun 12:18AM"," UAL1537","Newark Liberty Intl (KEWR)"
"483","A319","Sat 09:36PM","Sat 11:55PM"," AAL2410","LaGuardia (KLGA)"
"493","A320","Sat 11:14PM","Sat 11:53PM"," DAL527","Jose Marti Int'l (HAV / MUHA)"
"495","B738","Sat 08:50PM","Sat 11:26PM"," UAL1469","Newark Liberty Intl (KEWR)"
"498","B738","Sat 09:14PM","Sat 10:45PM"," AAL2501","Charlotte/Douglas Intl (KCLT)"
"500","E145","Sat 08:07PM","Sat 10:18PM"," ENY3820","Cincinnati/Northern Kentucky International Airport (KCVG)"
"502","A320","Sat 08:39PM","Sat 10:05PM"," DAL1863","Hartsfield-Jackson Intl (KATL)"
"503","A321","Sat 10:25PM","Sat 11:46PM"," DAL2008","Hartsfield-Jackson Intl (KATL)"
"505","A321","Sat 08:53PM","Sat 11:20PM"," DAL2756","John F Kennedy Intl (KJFK)"
"506","B738","Sat 08:41PM","Sat 11:11PM"," AAL1506","Newark Liberty Intl (KEWR)"
"510","B738","Sat 09:35PM","Sat 10:16PM"," AAL2696","Jose Marti Int'l (HAV / MUHA)"
"512","A319","Sat 07:17PM","Sat 10:04PM"," AAL2569","Toronto Pearson Int'l (CYYZ)"
"516","A321","Sat 08:12PM","Sat 09:43PM"," AAL457","Charlotte/Douglas Intl (KCLT)"
"517","A319","Sat 07:23PM","Sat 09:37PM"," AAL275","Baltimore/Washington Intl (KBWI)"
"521","E170","Sat 08:00PM","Sat 09:28PM"," RPA4617","Hartsfield-Jackson Intl (KATL)"
"523","A319","Sat 08:46PM","Sat 10:00PM"," AAL1661","Charleston Intl/AFB (KCHS)"
"525","B738","Sat 06:45PM","Sat 09:45PM"," AAL1170","Boston Logan Intl (KBOS)"
"526","E145","Sat 07:32PM","Sat 09:40PM"," ENY3670","Richmond Intl (KRIC)"
"527","B738","Sat 07:02PM","Sat 09:36PM"," AAL959","John F Kennedy Intl (KJFK)"
"528","A319","Sat 07:25PM","Sat 09:33PM"," AAL293","Reagan National (KDCA)"
"529","E145","Sat 07:02PM","Sat 09:31PM"," ENY3645","Cleveland-Hopkins Intl (KCLE)"
"530","A319","Sat 07:47PM","Sat 09:29PM"," AAL1521","Raleigh-Durham Intl (KRDU)"
"531","B738","Sat 06:17PM","Sat 09:28PM"," AAL29","Boston Logan Intl (KBOS)"
"534","A321","Sat 08:29PM","Sat 09:09PM"," AAL1194","Orlando Intl (KMCO)"
"535","B738","Sat 08:18PM","Sat 09:04PM"," AAL2482","Jose Marti Int'l (HAV / MUHA)"
"540","E75L","Sat 06:34PM","Sat 08:37PM"," RPA4344","Louisville Muhammad Ali International Airport (KSDF)"
"541","E170","Sat 06:46PM","Sat 08:32PM"," RPA4347","Piedmont Triad Intl (KGSO)"
"543","A319","Sat 06:07PM","Sat 09:11PM"," ROU1652","Montreal-Trudeau (CYUL)"
"546","E75S","Sat 07:21PM","Sat 08:57PM"," RPA4421","McGhee Tyson (KTYS)"
"549","E75L","Sat 07:49PM","Sat 08:44PM"," RPA4686","Jacksonville Intl (KJAX)"
"550","E75L","Sat 08:11PM","Sat 08:35PM"," RPA4481","Key West Intl (KEYW)"
"552","A320","Sat 05:42PM","Sat 08:27PM"," DAL1727","LaGuardia (KLGA)"
"553","A319","Sat 06:01PM","Sat 08:25PM"," AAL1803","Reagan National (KDCA)"
"554","B738","Sat 05:48PM","Sat 08:21PM"," AAL1457","LaGuardia (KLGA)"
"556","B738","Sat 07:41PM","Sat 08:16PM"," AAL2624","Tampa Intl (KTPA)"
"557","E145","Sat 05:53PM","Sat 08:13PM"," ENY3834","John Glenn Columbus Intl Airport (KCMH)"
"559","E145","Sat 08:03PM","09:42PM (?)"," ENY3378","Greenville/Spartanburg Intl (KGSP)"
"561","A321","Sat 06:29PM","Sat 07:52PM"," DAL2025","Hartsfield-Jackson Intl (KATL)"
"563","E75S","Sat 07:45PM","Sat 08:23PM"," RPA4560","Lynden Pindling Int'l (Nassau) (NAS / MYNN)"
"565","E145","Sat 05:57PM","Sat 08:17PM"," ENY4230","Pittsburgh Intl (KPIT)"
"566","B738","Sat 06:49PM","Sat 08:14PM"," AAL2552","Hartsfield-Jackson Intl (KATL)"
"567","B763","Sat 05:48PM","Sat 08:12PM"," AAL2595","Philadelphia Intl (KPHL)"
"569","A320","Sat 05:26PM","Sat 08:01PM"," DAL2385","John F Kennedy Intl (KJFK)"
"575","E145","Sat 05:41PM","Sat 07:43PM"," ENY3367","Norfolk Intl (KORF)"
"579","B735","Sat 06:45PM","Sat 07:24PM"," BHS229","Lynden Pindling Int'l (Nassau) (NAS / MYNN)"
"580","A321","Sat 04:23PM","Sat 07:23PM"," AAL1249","LaGuardia (KLGA)"
"582","A321","Sat 05:08PM","Sat 07:50PM"," ROU1642","Toronto Pearson Int'l (CYYZ)"
"586","B738","Sat 04:46PM","Sat 07:34PM"," AAL1556","LaGuardia (KLGA)"
"587","E145","Sat 06:55PM","Sat 07:28PM"," ENY4174","Grand Bahama Int'l (Freeport Int'l) (FPO / MYGF)"
"595","B772","Sat 04:46PM","Sat 07:10PM"," AAL243","John F Kennedy Intl (KJFK)"
"601","A321","Sat 05:22PM","Sat 06:48PM"," DAL1956","Hartsfield-Jackson Intl (KATL)"
"602","E75L","Sat 06:38PM","Sat 07:17PM"," RPA4348","Lynden Pindling Int'l (Nassau) (NAS / MYNN)"
"607","A321","Sat 04:25PM","Sat 06:59PM"," AAL2571","Philadelphia Intl (KPHL)"
"608","A319","Sat 06:22PM","Sat 06:58PM"," AAL669","Tampa Intl (KTPA)"
"611","E545","Sat 03:45PM","Sat 06:47PM"," LXJ416","Teterboro (KTEB)"
"613","E75L","Sat 05:50PM","Sat 06:43PM"," RPA4673","Exuma Int'l (GGT / MYEF)"
"623","B738","Sat 05:07PM","Sat 06:43PM"," AAL85","Charlotte/Douglas Intl (KCLT)"
"631","B763","Sat 04:03PM","Sat 06:07PM"," GTI3016","Cincinnati/Northern Kentucky International Airport (KCVG)"
"636","E170","Sat 04:24PM","Sat 05:53PM"," RPA4407","Hartsfield-Jackson Intl (KATL)"
"639","E75L","Sat 05:06PM","Sat 05:43PM"," RPA4692","Lynden Pindling Int'l (Nassau) (NAS / MYNN)"
"640","","Sat 03:23PM","Sat 05:40PM"," CSQ704","Port-au-Prince Intl (PAP / MTPP)"
"644","C56X","Sat 05:35PM","Sat 05:58PM"," N886CP","Palm Beach Intl (KPBI)"
"661","A321","Sat 02:50PM","Sat 05:02PM"," AAL990","Reagan National (KDCA)"
"662","C56X","Sat 05:12PM","Sat 05:31PM"," EJA618","Palm Beach Intl (KPBI)"
"663","MD88","Sat 04:04PM","Sat 05:30PM"," DAL1998","Hartsfield-Jackson Intl (KATL)"
"668","E145","Sat 03:40PM","Sat 05:09PM"," ENY3861","Tallahassee Intl (KTLH)"
"670","B738","Sat 03:43PM","Sat 05:03PM"," AAL1527","Providenciales Int'l (PLS / MBPV)"
"672","A321","Sat 03:23PM","Sat 04:57PM"," AAL1609","Charlotte/Douglas Intl (KCLT)"
"674","E145","Sat 02:10PM","Sat 04:51PM"," ENY3677","Cleveland-Hopkins Intl (KCLE)"
"677","E145","Sat 02:16PM","Sat 04:44PM"," ENY3483","Indianapolis Intl (KIND)"
"678","E145","Sat 02:17PM","Sat 04:43PM"," ENY3334","Pittsburgh Intl (KPIT)"
"680","A321","Sat 03:51PM","Sat 04:37PM"," AAL1362","Orlando Intl (KMCO)"
"687","E75L","Sat 03:35PM","Sat 04:43PM"," RPA4629","Jacksonville Intl (KJAX)"
"689","B738","Sat 02:09PM","Sat 04:39PM"," AAL1114","Philadelphia Intl (KPHL)"
"690","E145","Sat 03:17PM","Sat 04:36PM"," ENY4233","Charleston Intl/AFB (KCHS)"
"694","E75S","Sat 03:48PM","Sat 04:26PM"," RPA4458","Lynden Pindling Int'l (Nassau) (NAS / MYNN)"
"697","A319","Sat 01:32PM","Sat 04:14PM"," AAL2676","Toronto Pearson Int'l (CYYZ)"
"698","A321","Sat 01:45PM","Sat 04:12PM"," DAL1469","LaGuardia (KLGA)"
"699","A319","Sat 01:36PM","Sat 04:10PM"," UAL1415","Newark Liberty Intl (KEWR)"
"704","A320","Sat 02:03PM","Sat 04:26PM"," FFT2335","Philadelphia Intl (KPHL)"
"709","E170","Sat 03:43PM","Sat 04:08PM"," RPA4396","Key West Intl (KEYW)"
"715","B738","Sat 02:18PM","Sat 03:53PM"," AAL903","Port-au-Prince Intl (PAP / MTPP)"
"718","A319","Sat 12:30PM","Sat 03:40PM"," ROU1650","Montreal-Trudeau (CYUL)"
"719","E145","Sat 01:19PM","Sat 03:36PM"," ENY459G","Cincinnati/Northern Kentucky International Airport (KCVG)"
"720","E145","Sat 01:18PM","Sat 03:33PM"," ENY3459","Cincinnati/Northern Kentucky International Airport (KCVG)"
"722","A319","Sat 02:29PM","Sat 03:59PM"," AAL2828","Hartsfield-Jackson Intl (KATL)"
"723","B763","Sat 01:23PM","Sat 03:57PM"," AAL291","John F Kennedy Intl (KJFK)"
"724","A319","Sat 01:26PM","Sat 03:55PM"," DAL2535","Detroit Metro Wayne Co (KDTW)"
"725","B738","Sat 01:26PM","Sat 03:53PM"," AAL1601","LaGuardia (KLGA)"
"726","MD88","Sat 02:20PM","Sat 03:49PM"," DAL1224","Hartsfield-Jackson Intl (KATL)"
"728","B735","Sat 02:45PM","Sat 03:39PM"," BHS825","San Salvador (Cockburn Town) (ZSA / MYSM)"
"732","B763","Sat 01:04PM","Sat 03:28PM"," AAL1623","Philadelphia Intl (KPHL)"
"734","A319","Sat 12:51PM","Sat 03:24PM"," AAL2512","Detroit Metro Wayne Co (KDTW)"
"738","E145","Sat 12:44PM","Sat 03:10PM"," ENY3332","John Glenn Columbus Intl Airport (KCMH)"
"740","E75S","Sat 02:12PM","Sat 03:05PM"," RPA4409","Marsh Harbour (MHH / MYAM)"
"741","B738","Sat 12:17PM","Sat 03:04PM"," AAL1571","John F Kennedy Intl (KJFK)"
"747","A320","Sat 12:39PM","Sat 03:12PM"," DAL2175","John F Kennedy Intl (KJFK)"
"751","B738","Sat 12:17PM","Sat 03:04PM"," AAL1571","John F Kennedy Intl (KJFK)"
"752","E145","Sat 01:32PM","Sat 03:03PM"," ENY3941","Charleston Intl/AFB (KCHS)"
"754","A319","Sat 12:47PM","Sat 02:57PM"," AAL1048","Reagan National (KDCA)"
"757","B733","Sat 02:12PM","Sat 02:48PM"," SWQ9625","Melbourne Intl (KMLB)"
"760","A319","Sat 02:40PM","03:20PM (?)"," AAL2584","Tampa Intl (KTPA)"
"763","E75L","Sat 01:02PM","Sat 02:57PM"," RPA4384","Norfolk Intl (KORF)"
"764","A319","Sat 01:09PM","Sat 02:56PM"," AAL2397","Raleigh-Durham Intl (KRDU)"
"766","B734","Sat 02:09PM","Sat 02:49PM"," SWQ704","Jose Marti Int'l (HAV / MUHA)"
"767","E55P","Sat 02:26PM","Sat 02:47PM"," EJA417","Palm Beach Intl (KPBI)"
"768","E75L","Sat 02:04PM","Sat 02:44PM"," RPA4433","Lynden Pindling Int'l (Nassau) (NAS / MYNN)"
"770","MD88","Sat 01:13PM","Sat 02:40PM"," DAL2373","Hartsfield-Jackson Intl (KATL)"
"771","MD88","Sat 01:13PM","Sat 02:40PM"," DAL2373","Hartsfield-Jackson Intl (KATL)"
"772","E75L","Sat 01:16PM","Sat 02:37PM"," RPA4385","Providenciales Int'l (PLS / MBPV)"
"774","B734","Sat 01:44PM","Sat 02:28PM"," SWQ33","Orlando Intl (KMCO)"
"776","MD90","Sat 12:42PM","Sat 02:08PM"," DAL1795","Hartsfield-Jackson Intl (KATL)"
"779","A319","Sat 11:30AM","Sat 01:41PM"," AAL2278","Reagan National (KDCA)"
"781","B738","Sat 02:37PM","04:11PM (?)"," AAL2732","Cap-Haitien Int'l (CAP / MTCH)"
"784","E145","Sat 01:41PM","Sat 02:21PM"," ENY3511","North Eleuthera (ELH / MYEH)"
"785","B738","Sat 11:44AM","Sat 02:10PM"," AAL1060","Newark Liberty Intl (KEWR)"
"787","B738","Sat 01:07PM","Sat 01:48PM"," AAL2706","Jose Marti Int'l (HAV / MUHA)"
"794","E145","Sat 12:13PM","Sat 01:09PM"," ENY4181","Jacksonville Intl (KJAX)"
"798","E75L","Sat 12:19PM","Sat 12:46PM"," RPA4558","Key West Intl (KEYW)"
"799","B738","Sat 12:01PM","Sat 12:44PM"," AAL1334","Jose Marti Int'l (HAV / MUHA)"
"801","B738","Sat 12:48PM","Sat 01:24PM"," AAL2834","Lynden Pindling Int'l (Nassau) (NAS / MYNN)"
"802","C68A","Sat 12:53PM","Sat 01:14PM"," EJA591","Naples Muni (KAPF)"
"808","E145","Sat 12:17PM","Sat 12:44PM"," ENY3489","Grand Bahama Int'l (Freeport Int'l) (FPO / MYGF)"
"810","E75L","Sat 11:17AM","Sat 12:35PM"," RPA4550","Providenciales Int'l (PLS / MBPV)"
"816","A320","Sat 09:06AM","Sat 11:50AM"," ROU1640","Toronto Pearson Int'l (CYYZ)"
"817","B738","Sat 09:18AM","Sat 11:47AM"," AAL1533","Philadelphia Intl (KPHL)"
"818","B738","Sat 09:08AM","Sat 11:42AM"," AAL970","LaGuardia (KLGA)"
"819","","Sat 10:58AM","Sat 11:36AM"," SWQ503","Jose Marti Int'l (HAV / MUHA)"
"820","MD88","Sat 10:09AM","Sat 11:34AM"," DAL2405","Hartsfield-Jackson Intl (KATL)"
"821","B738","Sat 11:48AM","Sat 12:27PM"," AAL260","Orlando Intl (KMCO)"
"823","A320","Sat 11:30AM","Sat 12:14PM"," DAL650","Jose Marti Int'l (HAV / MUHA)"
"826","BE35","Sat 09:47AM","Sat 11:48AM"," CORONA","Northeast Florida Rgnl (KSGJ)"
"828","B738","Sat 10:07AM","Sat 11:40AM"," AAL342","Charlotte/Douglas Intl (KCLT)"
"831","","Sat 10:44AM","Sat 11:25AM"," SWQ2202","Jose Marti Int'l (HAV / MUHA)"
"835","A319","Sat 08:46AM","Sat 11:14AM"," DAL1829","Detroit Metro Wayne Co (KDTW)"
"836","B738","Sat 08:31AM","Sat 11:11AM"," AAL1610","John F Kennedy Intl (KJFK)"
"837","E145","Sat 10:11AM","Sat 11:08AM"," ENY3552","Jacksonville Intl (KJAX)"
"839","A319","Sat 09:30AM","Sat 10:59AM"," AAL2717","Hartsfield-Jackson Intl (KATL)"
"840","E75S","Sat 10:51AM","Sat 11:29AM"," RPA4590","Lynden Pindling Int'l (Nassau) (NAS / MYNN)"
"841","B738","Sat 09:38AM","Sat 11:24AM"," AAL1181","Port-au-Prince Intl (PAP / MTPP)"
"844","B735","Sat 10:39AM","Sat 11:14AM"," BHS225","Lynden Pindling Int'l (Nassau) (NAS / MYNN)"
"845","A320","Sat 08:48AM","Sat 11:13AM"," DAL2190","John F Kennedy Intl (KJFK)"
"847","A321","Sat 08:39AM","Sat 11:07AM"," DAL838","LaGuardia (KLGA)"
"850","A319","Sat 09:30AM","Sat 10:59AM"," AAL2717","Hartsfield-Jackson Intl (KATL)"
"855","E145","Sat 08:21AM","Sat 10:36AM"," ENY4232","John Glenn Columbus Intl Airport (KCMH)"
"857","A319","Sat 08:19AM","Sat 10:25AM"," AAL1340","Reagan National (KDCA)"
"858","","Sat 09:37AM","Sat 10:18AM"," SWQ3140","Jose Marti Int'l (HAV / MUHA)"
"859","MD88","Sat 08:50AM","Sat 10:14AM"," DAL1987","Hartsfield-Jackson Intl (KATL)"
"863","B738","Sat 07:50AM","Sat 10:45AM"," AAL1259","Boston Logan Intl (KBOS)"
"865","B350","Sat 09:44AM","Sat 10:33AM"," GAJ807","Orlando Intl (KMCO)"
"873","","Sat 09:16AM","Sat 10:00AM"," SWQ702","Jose Marti Int'l (HAV / MUHA)"
"874","B763","Sat 07:33AM","Sat 09:56AM"," AAL415","Philadelphia Intl (KPHL)"
"878","B738","Sat 09:03AM","Sat 09:43AM"," AAL588","Orlando Intl (KMCO)"
"879","A319","Sat 06:38AM","Sat 09:34AM"," AAL2623","Boston Logan Intl (KBOS)"
"880","A321","Sat 07:43AM","Sat 10:09AM"," AAL1530","LaGuardia (KLGA)"
"884","E75L","Sat 08:48AM","Sat 09:55AM"," RPA4273","Savannah/Hilton Head Intl (KSAV)"
"885","B738","Sat 09:08AM","Sat 09:53AM"," AAL2678","Jose Marti Int'l (HAV / MUHA)"
"886","A320","Sat 07:13AM","Sat 09:46AM"," UAL1109","Newark Liberty Intl (KEWR)"
"888","E145","Sat 08:37AM","Sat 09:38AM"," ENY3663","Tallahassee Intl (KTLH)"
"889","E75L","Sat 07:14AM","Sat 09:28AM"," RPA4711","Indianapolis Intl (KIND)"
"892","B738","Sat 06:14AM","Sat 09:24AM"," AAL1516","Montreal-Trudeau (CYUL)"
"893","E75S","Sat 07:04AM","Sat 09:21AM"," RPA4612","Pittsburgh Intl (KPIT)"
"899","A319","Sat 07:40AM","Sat 09:10AM"," AAL770","Charlotte/Douglas Intl (KCLT)"
"902","A319","Sat 08:44AM","Sat 09:23AM"," AAL1118","Tampa Intl (KTPA)"
"903","A319","Sat 07:47AM","Sat 09:21AM"," AAL2344","Hartsfield-Jackson Intl (KATL)"
"904","E145","Sat 07:01AM","Sat 09:20AM"," ENY3775","John Glenn Columbus Intl Airport (KCMH)"
"905","E145","Sat 07:33AM","Sat 09:17AM"," ENY3565","Piedmont Triad Intl (KGSO)"
"906","A321","Sat 06:14AM","Sat 09:16AM"," AAL1418","Boston Logan Intl (KBOS)"
"907","E145","Sat 07:11AM","Sat 09:14AM"," ENY4227","Norfolk Intl (KORF)"
"908","A319","Sat 06:33AM","Sat 09:12AM"," AAL2589","Toronto Pearson Int'l (CYYZ)"
"912","A321","Sat 07:00AM","Sat 09:02AM"," AAL391","Reagan National (KDCA)"
"914","B738","Sat 07:33AM","Sat 08:54AM"," AAL1338","Providenciales Int'l (PLS / MBPV)"
"918","A321","Sat 06:17AM","Sat 08:44AM"," AAL2899","LaGuardia (KLGA)"
"919","E145","Sat 06:15AM","Sat 08:37AM"," ENY3530","Cleveland-Hopkins Intl (KCLE)"
"920","E75L","Sat 07:06AM","Sat 09:07AM"," RPA4653","Louisville Muhammad Ali International Airport (KSDF)"
"922","E75L","Sat 07:23AM","Sat 09:00AM"," RPA4699","McGhee Tyson (KTYS)"
"924","B738","Sat 06:21AM","Sat 08:53AM"," AAL1196","Newark Liberty Intl (KEWR)"
"925","A321","Sat 06:24AM","Sat 08:52AM"," AAL1020","Detroit Metro Wayne Co (KDTW)"
"926","B738","Sat 06:11AM","Sat 08:48AM"," AAL146","Bradley Intl (KBDL)"
"927","B763","Sat 06:41AM","Sat 08:45AM"," ABX583","Cincinnati/Northern Kentucky International Airport (KCVG)"
"928","B738","Sat 07:07AM","Sat 08:42AM"," AAL1088","Raleigh-Durham Intl (KRDU)"
"931","B763","Sat 07:53AM","Sat 08:29AM"," UPS400","Orlando Intl (KMCO)"
"932","E145","Sat 06:16AM","Sat 08:24AM"," ENY3638","Cincinnati/Northern Kentucky International Airport (KCVG)"
"933","E75L","Sat 07:04AM","Sat 08:21AM"," RPA4466","Charleston Intl/AFB (KCHS)"
"935","B738","Sat 07:34AM","Sat 08:13AM"," AAL365","Orlando Intl (KMCO)"
"936","E145","Sat 08:10AM","10:25AM (?)"," ENY3937","Richmond Intl (KRIC)"
"937","B735","Sat 07:31AM","Sat 08:06AM"," BHS221","Lynden Pindling Int'l (Nassau) (NAS / MYNN)"
"938","B763","Sat 05:42AM","Sat 07:49AM"," ABX901","Cincinnati/Northern Kentucky International Airport (KCVG)"
"939","A319","Sat 07:01AM","Sat 07:38AM"," AAL2179","Tampa Intl (KTPA)"
"942","B738","Sat 06:15AM","Sat 08:22AM"," AAL1178","Reagan National (KDCA)"
"944","A319","Sat 06:53AM","Sat 08:16AM"," AAL1177","Hartsfield-Jackson Intl (KATL)"
"950","E145","Sat 06:04AM","Sat 07:37AM"," ENY3446","Greenville/Spartanburg Intl (KGSP)"
"952","B738","Sat 05:14AM","Sat 07:19AM"," AAL1183","Baltimore/Washington Intl (KBWI)"
"953","B738","Sat 06:35AM","Sat 07:16AM"," AAL1479","Orlando Intl (KMCO)"
"954","E75L","Sat 05:50AM","Sat 07:13AM"," RPA4379","Charleston Intl/AFB (KCHS)"
"955","A319","Sat 07:10AM","09:39AM (?)"," AAL2510","LaGuardia (KLGA)"
"956","B738","Sat 05:44AM","Sat 07:08AM"," AAL1151","Hartsfield-Jackson Intl (KATL)"
"960","E145","Sat 06:13AM","Sat 07:26AM"," ENY3570","Tallahassee Intl (KTLH)"
"962","E75L","Sat 06:14AM","Sat 07:17AM"," AAL4428","Jacksonville Intl (KJAX)"
"963","A319","Sat 05:26AM","Sat 07:14AM"," AAL1059","Norfolk Intl (KORF)"
"964","E75L","Sat 06:14AM","Sat 07:12AM"," RPA4428","Jacksonville Intl (KJAX)"
"969","A319","Sat 06:11AM","Sat 06:52AM"," AAL1977","Tampa Intl (KTPA)"
"971","E145","Sat 05:53AM","Sat 06:44AM"," ENY3831","Gainesville Rgnl (KGNV)"
"972","E75L","Sat 06:13AM","Sat 06:39AM"," RPA4549","Key West Intl (KEYW)"
"981","B763","Sat 04:52AM","Sat 06:42AM"," UPS1332","Louisville Muhammad Ali International Airport (KSDF)"
"989","B77L","Sat 04:20AM","Sat 05:40AM"," KAL9267","Hartsfield-Jackson Intl (KATL)"
"999","B763","Sat 12:51AM","Sat 02:58AM"," GTI3509","Baltimore/Washington Intl (KBWI)"
"1008","B744","Sat 03:06AM","Sat 03:22AM"," GTI8387","Fort Lauderdale Intl (KFLL)"
"1013","A320","Fri 10:47PM","Sat 01:11AM"," UAL1537","Newark Liberty Intl (KEWR)"
"1014","B734","Fri 11:51PM","Sat 12:31AM"," SWQ505","Jose Marti Int'l (HAV / MUHA)"
"1015","A321","Fri 11:03PM","Sat 12:23AM"," DAL2008","Hartsfield-Jackson Intl (KATL)"
"1016","AT46","Fri 11:17PM","Sat 12:10AM"," BHS845","Lynden Pindling Int'l (Nassau) (NAS / MYNN)"
"1017","","Fri 11:28PM","Sat 12:05AM"," SWQ704","Jose Marti Int'l (HAV / MUHA)"
"1018","B738","Fri 08:56PM","Fri 11:50PM"," AAL29","Boston Logan Intl (KBOS)"
"1021","","Sat 12:59AM","Sat 01:33AM"," SWQ3150","Jose Marti Int'l (HAV / MUHA)"
